Date_id,Date_S,Date_M,Year_S,Quarter_S,Quarter_SN,Month_S,Month_SN,Week_S,Day_S,WeekDay_S,H,Comments,Year_M,Quarter_M,Month_M,Month_MN,Week_M,Day_M,WeekDay_M
100001,1399/01/01,2020-03-20,1399,1,بهار,1,فروردین,1,1,جمعه,1,جشن نوروز/جشن سال نو - شهادت امام موسی کاظم علیه السلام - روز جهانی شادی,2020,1,3,March,12,20,Friday
100002,1399/01/02,2020-03-21,1399,1,بهار,1,فروردین,2,2,شنبه,1,عیدنوروز,2020,1,3,March,12,21,Saturday
100003,1399/01/03,2020-03-22,1399,1,بهار,1,فروردین,2,3,یک‌شنبه,1,عیدنوروز - مبعث رسول اکرم,2020,1,3,March,13,22,Sunday
100004,1399/01/04,2020-03-23,1399,1,بهار,1,فروردین,2,4,دوشنبه,1,عیدنوروز,2020,1,3,March,13,23,Monday
100005,1399/01/05,2020-03-24,1399,1,بهار,1,فروردین,2,5,سه‌شنبه,0,,2020,1,3,March,13,24,Tuesday
100006,1399/01/06,2020-03-25,1399,1,بهار,1,فروردین,2,6,چهارشنبه,0,روز امید، روز شادباش نویسی,2020,1,3,March,13,25,Wednesday
100007,1399/01/07,2020-03-26,1399,1,بهار,1,فروردین,2,7,پنج‌شنبه,0,,2020,1,3,March,13,26,Thursday
100008,1399/01/08,2020-03-27,1399,1,بهار,1,فروردین,2,8,جمعه,1,روز جهانی تئاتر,2020,1,3,March,13,27,Friday
100009,1399/01/09,2020-03-28,1399,1,بهار,1,فروردین,3,9,شنبه,0,ولادت سالار شهیدان، امام حسین علیه السلام و روز پاسدار,2020,1,3,March,13,28,Saturday
100010,1399/01/10,2020-03-29,1399,1,بهار,1,فروردین,3,10,یک‌شنبه,0,ولادت ابوالفضل العباس علیه السلام و روز جانباز,2020,1,3,March,14,29,Sunday
100011,1399/01/11,2020-03-30,1399,1,بهار,1,فروردین,3,11,دوشنبه,0,ولادت امام زین العابدین علیه السلام,2020,1,3,March,14,30,Monday
100012,1399/01/12,2020-03-31,1399,1,بهار,1,فروردین,3,12,سه‌شنبه,1,روز جمهوری اسلامی,2020,1,3,March,14,31,Tuesday
100013,1399/01/13,2020-04-01,1399,1,بهار,1,فروردین,3,13,چهارشنبه,1,جشن سیزده به در,2020,2,4,April,14,1,Wednesday
100014,1399/01/14,2020-04-02,1399,1,بهار,1,فروردین,3,14,پنج‌شنبه,0,,2020,2,4,April,14,2,Thursday
100015,1399/01/15,2020-04-03,1399,1,بهار,1,فروردین,3,15,جمعه,1,,2020,2,4,April,14,3,Friday
100016,1399/01/16,2020-04-04,1399,1,بهار,1,فروردین,4,16,شنبه,0,,2020,2,4,April,14,4,Saturday
100017,1399/01/17,2020-04-05,1399,1,بهار,1,فروردین,4,17,یک‌شنبه,0,ولادت علی اکبر علیه السلام و روز جوان,2020,2,4,April,15,5,Sunday
100018,1399/01/18,2020-04-06,1399,1,بهار,1,فروردین,4,18,دوشنبه,0,,2020,2,4,April,15,6,Monday
100019,1399/01/19,2020-04-07,1399,1,بهار,1,فروردین,4,19,سه‌شنبه,0,روز جهانی بهداشت,2020,2,4,April,15,7,Tuesday
100020,1399/01/20,2020-04-08,1399,1,بهار,1,فروردین,4,20,چهارشنبه,0,,2020,2,4,April,15,8,Wednesday
100021,1399/01/21,2020-04-09,1399,1,بهار,1,فروردین,4,21,پنج‌شنبه,1,ولادت حضرت قائم عجل الله تعالی فرجه و جشن نیمه شعبان,2020,2,4,April,15,9,Thursday
100022,1399/01/22,2020-04-10,1399,1,بهار,1,فروردین,4,22,جمعه,1,,2020,2,4,April,15,10,Friday
100023,1399/01/23,2020-04-11,1399,1,بهار,1,فروردین,5,23,شنبه,0,روز دندانپزشک,2020,2,4,April,15,11,Saturday
100024,1399/01/24,2020-04-12,1399,1,بهار,1,فروردین,5,24,یک‌شنبه,0,,2020,2,4,April,16,12,Sunday
100025,1399/01/25,2020-04-13,1399,1,بهار,1,فروردین,5,25,دوشنبه,0,روز بزرگداشت عطار نیشابوری,2020,2,4,April,16,13,Monday
100026,1399/01/26,2020-04-14,1399,1,بهار,1,فروردین,5,26,سه‌شنبه,0,,2020,2,4,April,16,14,Tuesday
100027,1399/01/27,2020-04-15,1399,1,بهار,1,فروردین,5,27,چهارشنبه,0,,2020,2,4,April,16,15,Wednesday
100028,1399/01/28,2020-04-16,1399,1,بهار,1,فروردین,5,28,پنج‌شنبه,0,,2020,2,4,April,16,16,Thursday
100029,1399/01/29,2020-04-17,1399,1,بهار,1,فروردین,5,29,جمعه,1,روز ارتش جمهوری اسلامی ایران,2020,2,4,April,16,17,Friday
100030,1399/01/30,2020-04-18,1399,1,بهار,1,فروردین,6,30,شنبه,0,روز علوم آزمایشگاهی، زاد روز حکیم سید اسماعیل جرجانی,2020,2,4,April,16,18,Saturday
100031,1399/01/31,2020-04-19,1399,1,بهار,1,فروردین,6,31,یک‌شنبه,0,,2020,2,4,April,17,19,Sunday
100032,1399/02/01,2020-04-20,1399,1,بهار,2,اردیبهشت,6,1,دوشنبه,0,روز بزرگداشت سعدی,2020,2,4,April,17,20,Monday
100033,1399/02/02,2020-04-21,1399,1,بهار,2,اردیبهشت,6,2,سه‌شنبه,0,,2020,2,4,April,17,21,Tuesday
100034,1399/02/03,2020-04-22,1399,1,بهار,2,اردیبهشت,6,3,چهارشنبه,0,روزبزرگداشت شیخ بهایی؛ روزملی کارآفرینی - جشن گیاه آوری؛ روز زمین,2020,2,4,April,17,22,Wednesday
100035,1399/02/04,2020-04-23,1399,1,بهار,2,اردیبهشت,6,4,پنج‌شنبه,0,,2020,2,4,April,17,23,Thursday
100036,1399/02/05,2020-04-24,1399,1,بهار,2,اردیبهشت,6,5,جمعه,1,,2020,2,4,April,17,24,Friday
100037,1399/02/06,2020-04-25,1399,1,بهار,2,اردیبهشت,7,6,شنبه,0,,2020,2,4,April,17,25,Saturday
100038,1399/02/07,2020-04-26,1399,1,بهار,2,اردیبهشت,7,7,یک‌شنبه,0,,2020,2,4,April,18,26,Sunday
100039,1399/02/08,2020-04-27,1399,1,بهار,2,اردیبهشت,7,8,دوشنبه,0,,2020,2,4,April,18,27,Monday
100040,1399/02/09,2020-04-28,1399,1,بهار,2,اردیبهشت,7,9,سه‌شنبه,0,روزشوراها -  روز جهانی روانشناس و مشاور,2020,2,4,April,18,28,Tuesday
100041,1399/02/10,2020-04-29,1399,1,بهار,2,اردیبهشت,7,10,چهارشنبه,0,جشن چهلم نوروز؛ روز ملی خلیج فارس,2020,2,4,April,18,29,Wednesday
100042,1399/02/11,2020-04-30,1399,1,بهار,2,اردیبهشت,7,11,پنج‌شنبه,0,,2020,2,4,April,18,30,Thursday
100043,1399/02/12,2020-05-01,1399,1,بهار,2,اردیبهشت,7,12,جمعه,1,شهادت استاد مرتضی مطهری، روزمعلم - روزجهانی کارگر,2020,2,5,May,18,1,Friday
100044,1399/02/13,2020-05-02,1399,1,بهار,2,اردیبهشت,8,13,شنبه,0,,2020,2,5,May,18,2,Saturday
100045,1399/02/14,2020-05-03,1399,1,بهار,2,اردیبهشت,8,14,یک‌شنبه,0,,2020,2,5,May,19,3,Sunday
100046,1399/02/15,2020-05-04,1399,1,بهار,2,اردیبهشت,8,15,دوشنبه,0,جشن میانه بهار/جشن بهاربد؛ روز شیراز,2020,2,5,May,19,4,Monday
100047,1399/02/16,2020-05-05,1399,1,بهار,2,اردیبهشت,8,16,سه‌شنبه,0,روز جهانی ماما,2020,2,5,May,19,5,Tuesday
100048,1399/02/17,2020-05-06,1399,1,بهار,2,اردیبهشت,8,17,چهارشنبه,0,روز اسناد ملی و میراث مکتوب,2020,2,5,May,19,6,Wednesday
100049,1399/02/18,2020-05-07,1399,1,بهار,2,اردیبهشت,8,18,پنج‌شنبه,0,,2020,2,5,May,19,7,Thursday
100050,1399/02/19,2020-05-08,1399,1,بهار,2,اردیبهشت,8,19,جمعه,1,روز جهانی صلیب سرخ و هلال احمر,2020,2,5,May,19,8,Friday
100051,1399/02/20,2020-05-09,1399,1,بهار,2,اردیبهشت,9,20,شنبه,0,ولادت امام حسن مجتبی علیه السلام,2020,2,5,May,19,9,Saturday
100052,1399/02/21,2020-05-10,1399,1,بهار,2,اردیبهشت,9,21,یک‌شنبه,0,,2020,2,5,May,20,10,Sunday
100053,1399/02/22,2020-05-11,1399,1,بهار,2,اردیبهشت,9,22,دوشنبه,0,,2020,2,5,May,20,11,Monday
100054,1399/02/23,2020-05-12,1399,1,بهار,2,اردیبهشت,9,23,سه‌شنبه,0,شب قدر,2020,2,5,May,20,12,Tuesday
100055,1399/02/24,2020-05-13,1399,1,بهار,2,اردیبهشت,9,24,چهارشنبه,0,ضربت خوردن حضرت علی علیه السلام,2020,2,5,May,20,13,Wednesday
100056,1399/02/25,2020-05-14,1399,1,بهار,2,اردیبهشت,9,25,پنج‌شنبه,0,روز بزرگداشت فردوسی,2020,2,5,May,20,14,Thursday
100057,1399/02/26,2020-05-15,1399,1,بهار,2,اردیبهشت,9,26,جمعه,1,شهادت حضرت علی علیه السلام,2020,2,5,May,20,15,Friday
100058,1399/02/27,2020-05-16,1399,1,بهار,2,اردیبهشت,10,27,شنبه,0, شب قدر - روز ارتباطات و روابط عمومی,2020,2,5,May,20,16,Saturday
100059,1399/02/28,2020-05-17,1399,1,بهار,2,اردیبهشت,10,28,یک‌شنبه,0, روز بزرگداشت حکیم عمر خیام,2020,2,5,May,21,17,Sunday
100060,1399/02/29,2020-05-18,1399,1,بهار,2,اردیبهشت,10,29,دوشنبه,0,روز جهانی موزه و میراث فرهنگی,2020,2,5,May,21,18,Monday
100061,1399/02/30,2020-05-19,1399,1,بهار,2,اردیبهشت,10,30,سه‌شنبه,0,,2020,2,5,May,21,19,Tuesday
100062,1399/02/31,2020-05-20,1399,1,بهار,2,اردیبهشت,10,31,چهارشنبه,0,,2020,2,5,May,21,20,Wednesday
100063,1399/03/01,2020-05-21,1399,1,بهار,3,خرداد,10,1,پنج‌شنبه,0,روز بزرگداشت ملاصدرا - روز بهره وری و بهینه سازی مصرف,2020,2,5,May,21,21,Thursday
100064,1399/03/02,2020-05-22,1399,1,بهار,3,خرداد,10,2,جمعه,1,,2020,2,5,May,21,22,Friday
100065,1399/03/03,2020-05-23,1399,1,بهار,3,خرداد,11,3,شنبه,0,فتح خرمشهر در عملیات بیت المقدس و روز مقاومت، ایثار و پیروزی,2020,2,5,May,21,23,Saturday
100066,1399/03/04,2020-05-24,1399,1,بهار,3,خرداد,11,4,یک‌شنبه,1,عید سعید فطر -  روز دزفول، روز مقاومت و پایداری,2020,2,5,May,22,24,Sunday
100067,1399/03/05,2020-05-25,1399,1,بهار,3,خرداد,11,5,دوشنبه,1, تعطیل به مناسبت عید سعید فطر,2020,2,5,May,22,25,Monday
100068,1399/03/06,2020-05-26,1399,1,بهار,3,خرداد,11,6,سه‌شنبه,0,خرداد روز،جشن خردادگان,2020,2,5,May,22,26,Tuesday
100069,1399/03/07,2020-05-27,1399,1,بهار,3,خرداد,11,7,چهارشنبه,0,,2020,2,5,May,22,27,Wednesday
100070,1399/03/08,2020-05-28,1399,1,بهار,3,خرداد,11,8,پنج‌شنبه,0,,2020,2,5,May,22,28,Thursday
100071,1399/03/09,2020-05-29,1399,1,بهار,3,خرداد,11,9,جمعه,1,,2020,2,5,May,22,29,Friday
100072,1399/03/10,2020-05-30,1399,1,بهار,3,خرداد,12,10,شنبه,0,,2020,2,5,May,22,30,Saturday
100073,1399/03/11,2020-05-31,1399,1,بهار,3,خرداد,12,11,یک‌شنبه,0,,2020,2,5,May,23,31,Sunday
100074,1399/03/12,2020-06-01,1399,1,بهار,3,خرداد,12,12,دوشنبه,0,,2020,2,6,June,23,1,Monday
100075,1399/03/13,2020-06-02,1399,1,بهار,3,خرداد,12,13,سه‌شنبه,0,,2020,2,6,June,23,2,Tuesday
100076,1399/03/14,2020-06-03,1399,1,بهار,3,خرداد,12,14,چهارشنبه,1,رحلت حضرت امام خمینی,2020,2,6,June,23,3,Wednesday
100077,1399/03/15,2020-06-04,1399,1,بهار,3,خرداد,12,15,پنج‌شنبه,1,قیام 15 خرداد,2020,2,6,June,23,4,Thursday
100078,1399/03/16,2020-06-05,1399,1,بهار,3,خرداد,12,16,جمعه,1,روز جهانی محیط زیست,2020,2,6,June,23,5,Friday
100079,1399/03/17,2020-06-06,1399,1,بهار,3,خرداد,13,17,شنبه,0,,2020,2,6,June,23,6,Saturday
100080,1399/03/18,2020-06-07,1399,1,بهار,3,خرداد,13,18,یک‌شنبه,0,,2020,2,6,June,24,7,Sunday
100081,1399/03/19,2020-06-08,1399,1,بهار,3,خرداد,13,19,دوشنبه,0,,2020,2,6,June,24,8,Monday
100082,1399/03/20,2020-06-09,1399,1,بهار,3,خرداد,13,20,سه‌شنبه,0,,2020,2,6,June,24,9,Tuesday
100083,1399/03/21,2020-06-10,1399,1,بهار,3,خرداد,13,21,چهارشنبه,0,روز جهانی صنایع دستی,2020,2,6,June,24,10,Wednesday
100084,1399/03/22,2020-06-11,1399,1,بهار,3,خرداد,13,22,پنج‌شنبه,0,,2020,2,6,June,24,11,Thursday
100085,1399/03/23,2020-06-12,1399,1,بهار,3,خرداد,13,23,جمعه,1,روز جهانی مبارزه با کار کودکان,2020,2,6,June,24,12,Friday
100086,1399/03/24,2020-06-13,1399,1,بهار,3,خرداد,14,24,شنبه,0,,2020,2,6,June,24,13,Saturday
100087,1399/03/25,2020-06-14,1399,1,بهار,3,خرداد,14,25,یک‌شنبه,0,روز ملی گل وگیاه - روز جهانی اهدای خون,2020,2,6,June,25,14,Sunday
100088,1399/03/26,2020-06-15,1399,1,بهار,3,خرداد,14,26,دوشنبه,0,,2020,2,6,June,25,15,Monday
100089,1399/03/27,2020-06-16,1399,1,بهار,3,خرداد,14,27,سه‌شنبه,0,روز جهاد کشاورزی,2020,2,6,June,25,16,Tuesday
100090,1399/03/28,2020-06-17,1399,1,بهار,3,خرداد,14,28,چهارشنبه,1,شهادت امام جعفر صادق علیه السلام - روز جهانی بیابان زدایی,2020,2,6,June,25,17,Wednesday
100091,1399/03/29,2020-06-18,1399,1,بهار,3,خرداد,14,29,پنج‌شنبه,0,,2020,2,6,June,25,18,Thursday
100092,1399/03/30,2020-06-19,1399,1,بهار,3,خرداد,14,30,جمعه,1,,2020,2,6,June,25,19,Friday
100093,1399/03/31,2020-06-20,1399,1,بهار,3,خرداد,15,31,شنبه,0,,2020,2,6,June,25,20,Saturday
100094,1399/04/01,2020-06-21,1399,2,تابستان,4,تیر,15,1,یک‌شنبه,0, روز اصناف - جشن آب پاشونک، جشن آغاز تابستان ,2020,2,6,June,26,21,Sunday
100095,1399/04/02,2020-06-22,1399,2,تابستان,4,تیر,15,2,دوشنبه,0,,2020,2,6,June,26,22,Monday
100096,1399/04/03,2020-06-23,1399,2,تابستان,4,تیر,15,3,سه‌شنبه,0,ولادت حضرت معصومه سلام الله علیها و روز دختران,2020,2,6,June,26,23,Tuesday
100097,1399/04/04,2020-06-24,1399,2,تابستان,4,تیر,15,4,چهارشنبه,0,,2020,2,6,June,26,24,Wednesday
100098,1399/04/05,2020-06-25,1399,2,تابستان,4,تیر,15,5,پنج‌شنبه,0,,2020,2,6,June,26,25,Thursday
100099,1399/04/06,2020-06-26,1399,2,تابستان,4,تیر,15,6,جمعه,1,روز جهانی مبارزه با مواد مخدر,2020,2,6,June,26,26,Friday
100100,1399/04/07,2020-06-27,1399,2,تابستان,4,تیر,16,7,شنبه,0,انفجار دفتر حزب جمهوری اسلامی و شهادت دکتر بهشتی و 72 نفر از اعضای حزب؛ روز قوه قضاییه,2020,2,6,June,26,27,Saturday
100101,1399/04/08,2020-06-28,1399,2,تابستان,4,تیر,16,8,یک‌شنبه,0,روز مبارزه با سلاح های شیمیایی و میکروبی,2020,2,6,June,27,28,Sunday
100102,1399/04/09,2020-06-29,1399,2,تابستان,4,تیر,16,9,دوشنبه,0,,2020,2,6,June,27,29,Monday
100103,1399/04/10,2020-06-30,1399,2,تابستان,4,تیر,16,10,سه‌شنبه,0,روز صنعت و معدن,2020,2,6,June,27,30,Tuesday
100104,1399/04/11,2020-07-01,1399,2,تابستان,4,تیر,16,11,چهارشنبه,0,,2020,3,7,July,27,1,Wednesday
100105,1399/04/12,2020-07-02,1399,2,تابستان,4,تیر,16,12,پنج‌شنبه,0,,2020,3,7,July,27,2,Thursday
100106,1399/04/13,2020-07-03,1399,2,تابستان,4,تیر,16,13,جمعه,1,ولادت امام رضا علیه السلام,2020,3,7,July,27,3,Friday
100107,1399/04/14,2020-07-04,1399,2,تابستان,4,تیر,17,14,شنبه,0,روز قلم,2020,3,7,July,27,4,Saturday
100108,1399/04/15,2020-07-05,1399,2,تابستان,4,تیر,17,15,یک‌شنبه,0,جشن خام خواری,2020,3,7,July,28,5,Sunday
100109,1399/04/16,2020-07-06,1399,2,تابستان,4,تیر,17,16,دوشنبه,0,,2020,3,7,July,28,6,Monday
100110,1399/04/17,2020-07-07,1399,2,تابستان,4,تیر,17,17,سه‌شنبه,0,,2020,3,7,July,28,7,Tuesday
100111,1399/04/18,2020-07-08,1399,2,تابستان,4,تیر,17,18,چهارشنبه,0,,2020,3,7,July,28,8,Wednesday
100112,1399/04/19,2020-07-09,1399,2,تابستان,4,تیر,17,19,پنج‌شنبه,0,,2020,3,7,July,28,9,Thursday
100113,1399/04/20,2020-07-10,1399,2,تابستان,4,تیر,17,20,جمعه,1,,2020,3,7,July,28,10,Friday
100114,1399/04/21,2020-07-11,1399,2,تابستان,4,تیر,18,21,شنبه,0,,2020,3,7,July,28,11,Saturday
100115,1399/04/22,2020-07-12,1399,2,تابستان,4,تیر,18,22,یک‌شنبه,0,,2020,3,7,July,29,12,Sunday
100116,1399/04/23,2020-07-13,1399,2,تابستان,4,تیر,18,23,دوشنبه,0,,2020,3,7,July,29,13,Monday
100117,1399/04/24,2020-07-14,1399,2,تابستان,4,تیر,18,24,سه‌شنبه,0,,2020,3,7,July,29,14,Tuesday
100118,1399/04/25,2020-07-15,1399,2,تابستان,4,تیر,18,25,چهارشنبه,0,روز بهزیستی و تامین اجتماعی,2020,3,7,July,29,15,Wednesday
100119,1399/04/26,2020-07-16,1399,2,تابستان,4,تیر,18,26,پنج‌شنبه,0,,2020,3,7,July,29,16,Thursday
100120,1399/04/27,2020-07-17,1399,2,تابستان,4,تیر,18,27,جمعه,1,اعلام پذیرش قطعنامه 598 شورای امنیت از سوی ایران,2020,3,7,July,29,17,Friday
100121,1399/04/28,2020-07-18,1399,2,تابستان,4,تیر,19,28,شنبه,0,,2020,3,7,July,29,18,Saturday
100122,1399/04/29,2020-07-19,1399,2,تابستان,4,تیر,19,29,یک‌شنبه,0,,2020,3,7,July,30,19,Sunday
100123,1399/04/30,2020-07-20,1399,2,تابستان,4,تیر,19,30,دوشنبه,0,,2020,3,7,July,30,20,Monday
100124,1399/04/31,2020-07-21,1399,2,تابستان,4,تیر,19,31,سه‌شنبه,0,شهادت امام محمد تقی علیه السلام,2020,3,7,July,30,21,Tuesday
100125,1399/05/01,2020-07-22,1399,2,تابستان,5,مرداد,19,1,چهارشنبه,0,,2020,3,7,July,30,22,Wednesday
100126,1399/05/02,2020-07-23,1399,2,تابستان,5,مرداد,19,2,پنج‌شنبه,0,,2020,3,7,July,30,23,Thursday
100127,1399/05/03,2020-07-24,1399,2,تابستان,5,مرداد,19,3,جمعه,1,,2020,3,7,July,30,24,Friday
100128,1399/05/04,2020-07-25,1399,2,تابستان,5,مرداد,20,4,شنبه,0,,2020,3,7,July,30,25,Saturday
100129,1399/05/05,2020-07-26,1399,2,تابستان,5,مرداد,20,5,یک‌شنبه,0,,2020,3,7,July,31,26,Sunday
100130,1399/05/06,2020-07-27,1399,2,تابستان,5,مرداد,20,6,دوشنبه,0,روز ترویج آموزش های فنی و حرفه ای,2020,3,7,July,31,27,Monday
100131,1399/05/07,2020-07-28,1399,2,تابستان,5,مرداد,20,7,سه‌شنبه,0,شهادت امام محمد باقر علیه السلام,2020,3,7,July,31,28,Tuesday
100132,1399/05/08,2020-07-29,1399,2,تابستان,5,مرداد,20,8,چهارشنبه,0,روز بزرگداشت شیخ شهاب الدین سهروردی,2020,3,7,July,31,29,Wednesday
100133,1399/05/09,2020-07-30,1399,2,تابستان,5,مرداد,20,9,پنج‌شنبه,0,روز عرفه,2020,3,7,July,31,30,Thursday
100134,1399/05/10,2020-07-31,1399,2,تابستان,5,مرداد,20,10,جمعه,1, عید سعید قربان - جشن چله تابستان,2020,3,7,July,31,31,Friday
100135,1399/05/11,2020-08-01,1399,2,تابستان,5,مرداد,21,11,شنبه,0,آغاز هفته جهانی شیردهی,2020,3,8,August,31,1,Saturday
100136,1399/05/12,2020-08-02,1399,2,تابستان,5,مرداد,21,12,یک‌شنبه,0,,2020,3,8,August,32,2,Sunday
100137,1399/05/13,2020-08-03,1399,2,تابستان,5,مرداد,21,13,دوشنبه,0,,2020,3,8,August,32,3,Monday
100138,1399/05/14,2020-08-04,1399,2,تابستان,5,مرداد,21,14,سه‌شنبه,0,صدور فرمان مشروطیت,2020,3,8,August,32,4,Tuesday
100139,1399/05/15,2020-08-05,1399,2,تابستان,5,مرداد,21,15,چهارشنبه,0,ولادت امام علی النقی الهادی علیه السلام,2020,3,8,August,32,5,Wednesday
100140,1399/05/16,2020-08-06,1399,2,تابستان,5,مرداد,21,16,پنج‌شنبه,0,,2020,3,8,August,32,6,Thursday
100141,1399/05/17,2020-08-07,1399,2,تابستان,5,مرداد,21,17,جمعه,1,روز خبرنگار,2020,3,8,August,32,7,Friday
100142,1399/05/18,2020-08-08,1399,2,تابستان,5,مرداد,22,18,شنبه,1,عید سعید غدیر خم,2020,3,8,August,32,8,Saturday
100143,1399/05/19,2020-08-09,1399,2,تابستان,5,مرداد,22,19,یک‌شنبه,0,,2020,3,8,August,33,9,Sunday
100144,1399/05/20,2020-08-10,1399,2,تابستان,5,مرداد,22,20,دوشنبه,0,ولادت امام موسی کاظم علیه السلام,2020,3,8,August,33,10,Monday
100145,1399/05/21,2020-08-11,1399,2,تابستان,5,مرداد,22,21,سه‌شنبه,0,,2020,3,8,August,33,11,Tuesday
100146,1399/05/22,2020-08-12,1399,2,تابستان,5,مرداد,22,22,چهارشنبه,0,,2020,3,8,August,33,12,Wednesday
100147,1399/05/23,2020-08-13,1399,2,تابستان,5,مرداد,22,23,پنج‌شنبه,0,روز جهانی چپ دست ها,2020,3,8,August,33,13,Thursday
100148,1399/05/24,2020-08-14,1399,2,تابستان,5,مرداد,22,24,جمعه,1,,2020,3,8,August,33,14,Friday
100149,1399/05/25,2020-08-15,1399,2,تابستان,5,مرداد,23,25,شنبه,0,,2020,3,8,August,33,15,Saturday
100150,1399/05/26,2020-08-16,1399,2,تابستان,5,مرداد,23,26,یک‌شنبه,0,سالروز ورود آزادگانِ سرافراز به وطن,2020,3,8,August,34,16,Sunday
100151,1399/05/27,2020-08-17,1399,2,تابستان,5,مرداد,23,27,دوشنبه,0,,2020,3,8,August,34,17,Monday
100152,1399/05/28,2020-08-18,1399,2,تابستان,5,مرداد,23,28,سه‌شنبه,0,سالروز وقایع 28 مرداد و برکناری دکتر محمد مصدق - سالروز فاجعه آتش زدن سینما رکس آبادان,2020,3,8,August,34,18,Tuesday
100153,1399/05/29,2020-08-19,1399,2,تابستان,5,مرداد,23,29,چهارشنبه,0,روز جهانی عکاسی,2020,3,8,August,34,19,Wednesday
100154,1399/05/30,2020-08-20,1399,2,تابستان,5,مرداد,23,30,پنج‌شنبه,0,,2020,3,8,August,34,20,Thursday
100155,1399/05/31,2020-08-21,1399,2,تابستان,5,مرداد,23,31,جمعه,1,,2020,3,8,August,34,21,Friday
100156,1399/06/01,2020-08-22,1399,2,تابستان,6,شهریور,24,1,شنبه,0,روز بزرگداشت ابوعلی سینا و روز پزشک,2020,3,8,August,34,22,Saturday
100157,1399/06/02,2020-08-23,1399,2,تابستان,6,شهریور,24,2,یک‌شنبه,0,آغاز هفته دولت,2020,3,8,August,35,23,Sunday
100158,1399/06/03,2020-08-24,1399,2,تابستان,6,شهریور,24,3,دوشنبه,0,,2020,3,8,August,35,24,Monday
100159,1399/06/04,2020-08-25,1399,2,تابستان,6,شهریور,24,4,سه‌شنبه,0,روز کارمند - زادروز داراب (کوروش),2020,3,8,August,35,25,Tuesday
100160,1399/06/05,2020-08-26,1399,2,تابستان,6,شهریور,24,5,چهارشنبه,0,روز بزرگداشت محمدبن زکریای رازی و روز داروساز,2020,3,8,August,35,26,Wednesday
100161,1399/06/06,2020-08-27,1399,2,تابستان,6,شهریور,24,6,پنج‌شنبه,0,,2020,3,8,August,35,27,Thursday
100162,1399/06/07,2020-08-28,1399,2,تابستان,6,شهریور,24,7,جمعه,1,,2020,3,8,August,35,28,Friday
100163,1399/06/08,2020-08-29,1399,2,تابستان,6,شهریور,25,8,شنبه,1, تاسوعای حسینی - انفجار در دفتر نخست‌وزیری جمهوری اسلامی ایران، روز مبارزه با تروریسم,2020,3,8,August,35,29,Saturday
100164,1399/06/09,2020-08-30,1399,2,تابستان,6,شهریور,25,9,یک‌شنبه,1,عاشورای حسینی,2020,3,8,August,36,30,Sunday
100165,1399/06/10,2020-08-31,1399,2,تابستان,6,شهریور,25,10,دوشنبه,0,,2020,3,8,August,36,31,Monday
100166,1399/06/11,2020-09-01,1399,2,تابستان,6,شهریور,25,11,سه‌شنبه,0,شهادت امام زین العابدین علیه السلام - روزصنعت چاپ,2020,3,9,September,36,1,Tuesday
100167,1399/06/12,2020-09-02,1399,2,تابستان,6,شهریور,25,12,چهارشنبه,0,,2020,3,9,September,36,2,Wednesday
100168,1399/06/13,2020-09-03,1399,2,تابستان,6,شهریور,25,13,پنج‌شنبه,0,روز بزرگداشت ابوریحان بیرونی و روز تعاون,2020,3,9,September,36,3,Thursday
100169,1399/06/14,2020-09-04,1399,2,تابستان,6,شهریور,25,14,جمعه,1,,2020,3,9,September,36,4,Friday
100170,1399/06/15,2020-09-05,1399,2,تابستان,6,شهریور,26,15,شنبه,0,,2020,3,9,September,36,5,Saturday
100171,1399/06/16,2020-09-06,1399,2,تابستان,6,شهریور,26,16,یک‌شنبه,0,,2020,3,9,September,37,6,Sunday
100172,1399/06/17,2020-09-07,1399,2,تابستان,6,شهریور,26,17,دوشنبه,0,قیام 17 شهریور,2020,3,9,September,37,7,Monday
100173,1399/06/18,2020-09-08,1399,2,تابستان,6,شهریور,26,18,سه‌شنبه,0,,2020,3,9,September,37,8,Tuesday
100174,1399/06/19,2020-09-09,1399,2,تابستان,6,شهریور,26,19,چهارشنبه,0,درگذشت آیت الله سید محمود طالقانی,2020,3,9,September,37,9,Wednesday
100175,1399/06/20,2020-09-10,1399,2,تابستان,6,شهریور,26,20,پنج‌شنبه,0,روز جهانی پیشگیری از خودکشی,2020,3,9,September,37,10,Thursday
100176,1399/06/21,2020-09-11,1399,2,تابستان,6,شهریور,26,21,جمعه,1,روز سینما - حمله به برج‌های دوقلوی مرکز تجارت جهانی,2020,3,9,September,37,11,Friday
100177,1399/06/22,2020-09-12,1399,2,تابستان,6,شهریور,27,22,شنبه,0,,2020,3,9,September,37,12,Saturday
100178,1399/06/23,2020-09-13,1399,2,تابستان,6,شهریور,27,23,یک‌شنبه,0,روز گرامیداشت برنامه نویسان,2020,3,9,September,38,13,Sunday
100179,1399/06/24,2020-09-14,1399,2,تابستان,6,شهریور,27,24,دوشنبه,0,,2020,3,9,September,38,14,Monday
100180,1399/06/25,2020-09-15,1399,2,تابستان,6,شهریور,27,25,سه‌شنبه,0,,2020,3,9,September,38,15,Tuesday
100181,1399/06/26,2020-09-16,1399,2,تابستان,6,شهریور,27,26,چهارشنبه,0,,2020,3,9,September,38,16,Wednesday
100182,1399/06/27,2020-09-17,1399,2,تابستان,6,شهریور,27,27,پنج‌شنبه,0,روز شعر و ادب پارسی و روز بزرگداشت استاد شهریار,2020,3,9,September,38,17,Thursday
100183,1399/06/28,2020-09-18,1399,2,تابستان,6,شهریور,27,28,جمعه,1,,2020,3,9,September,38,18,Friday
100184,1399/06/29,2020-09-19,1399,2,تابستان,6,شهریور,28,29,شنبه,0,,2020,3,9,September,38,19,Saturday
100185,1399/06/30,2020-09-20,1399,2,تابستان,6,شهریور,28,30,یک‌شنبه,0,روز گفتگوی تمدنها,2020,3,9,September,39,20,Sunday
100186,1399/06/31,2020-09-21,1399,2,تابستان,6,شهریور,28,31,دوشنبه,0,آغاز هفته دفاع مقدس و روز جهانی صلح,2020,3,9,September,39,21,Monday
100187,1399/07/01,2020-09-22,1399,3,پاییز,7,مهر,28,1,سه‌شنبه,0,آغاز حمله مغول به ایران در پاییز 598 خورشیدی,2020,3,9,September,39,22,Tuesday
100188,1399/07/02,2020-09-23,1399,3,پاییز,7,مهر,28,2,چهارشنبه,0,,2020,3,9,September,39,23,Wednesday
100189,1399/07/03,2020-09-24,1399,3,پاییز,7,مهر,28,3,پنج‌شنبه,0,,2020,3,9,September,39,24,Thursday
100190,1399/07/04,2020-09-25,1399,3,پاییز,7,مهر,28,4,جمعه,1,,2020,3,9,September,39,25,Friday
100191,1399/07/05,2020-09-26,1399,3,پاییز,7,مهر,29,5,شنبه,0,,2020,3,9,September,39,26,Saturday
100192,1399/07/06,2020-09-27,1399,3,پاییز,7,مهر,29,6,یک‌شنبه,0,روز جهانی جهانگردی,2020,3,9,September,40,27,Sunday
100193,1399/07/07,2020-09-28,1399,3,پاییز,7,مهر,29,7,دوشنبه,0,روز آتش نشانی و ایمنی - سقوط هواپیمای حامل جمعی از فرماندهان جنگ (کلاهدوز، نامجو، فلاحی، فکوری، جهان آرا) در سال 1360,2020,3,9,September,40,28,Monday
100194,1399/07/08,2020-09-29,1399,3,پاییز,7,مهر,29,8,سه‌شنبه,0,روزبزرگداشت مولوی,2020,3,9,September,40,29,Tuesday
100195,1399/07/09,2020-09-30,1399,3,پاییز,7,مهر,29,9,چهارشنبه,0,روز جهانی ناشنوایان - روز جهانی ترجمه و مترجم,2020,3,9,September,40,30,Wednesday
100196,1399/07/10,2020-10-01,1399,3,پاییز,7,مهر,29,10,پنج‌شنبه,0,روز جهانی سالمندان,2020,4,10,October,40,1,Thursday
100197,1399/07/11,2020-10-02,1399,3,پاییز,7,مهر,29,11,جمعه,1,,2020,4,10,October,40,2,Friday
100198,1399/07/12,2020-10-03,1399,3,پاییز,7,مهر,30,12,شنبه,0,,2020,4,10,October,40,3,Saturday
100199,1399/07/13,2020-10-04,1399,3,پاییز,7,مهر,30,13,یک‌شنبه,0,روز نیروی انتظامی,2020,4,10,October,41,4,Sunday
100200,1399/07/14,2020-10-05,1399,3,پاییز,7,مهر,30,14,دوشنبه,0,روز دامپزشکی - روز جهانی معلم,2020,4,10,October,41,5,Monday
100201,1399/07/15,2020-10-06,1399,3,پاییز,7,مهر,30,15,سه‌شنبه,0,,2020,4,10,October,41,6,Tuesday
100202,1399/07/16,2020-10-07,1399,3,پاییز,7,مهر,30,16,چهارشنبه,0,روز ملی کودک,2020,4,10,October,41,7,Wednesday
100203,1399/07/17,2020-10-08,1399,3,پاییز,7,مهر,30,17,پنج‌شنبه,1,اربعین حسینی,2020,4,10,October,41,8,Thursday
100204,1399/07/18,2020-10-09,1399,3,پاییز,7,مهر,30,18,جمعه,1,روز جهانی پست,2020,4,10,October,41,9,Friday
100205,1399/07/19,2020-10-10,1399,3,پاییز,7,مهر,31,19,شنبه,0,روز جهانی مبارزه با حکم اعدام,2020,4,10,October,41,10,Saturday
100206,1399/07/20,2020-10-11,1399,3,پاییز,7,مهر,31,20,یک‌شنبه,0,روز بزرگداشت حافظ - روز جهانی دختر,2020,4,10,October,42,11,Sunday
100207,1399/07/21,2020-10-12,1399,3,پاییز,7,مهر,31,21,دوشنبه,0,,2020,4,10,October,42,12,Monday
100208,1399/07/22,2020-10-13,1399,3,پاییز,7,مهر,31,22,سه‌شنبه,0,,2020,4,10,October,42,13,Tuesday
100209,1399/07/23,2020-10-14,1399,3,پاییز,7,مهر,31,23,چهارشنبه,0,روز جهانی استاندارد,2020,4,10,October,42,14,Wednesday
100210,1399/07/24,2020-10-15,1399,3,پاییز,7,مهر,31,24,پنج‌شنبه,0,روز جهانی عصای سفید,2020,4,10,October,42,15,Thursday
100211,1399/07/25,2020-10-16,1399,3,پاییز,7,مهر,31,25,جمعه,1,رحلت رسول اکرم؛شهادت امام حسن مجتبی علیه السلام -  روز جهانی غذا,2020,4,10,October,42,16,Friday
100212,1399/07/26,2020-10-17,1399,3,پاییز,7,مهر,32,26,شنبه,1,شهادت امام رضا علیه السلام - روز تربیت بدنی و ورزش -  روز جهانی ریشه کنی فقر,2020,4,10,October,42,17,Saturday
100213,1399/07/27,2020-10-18,1399,3,پاییز,7,مهر,32,27,یک‌شنبه,0,هجرت پیامبر اکرم از مکه به مدینه,2020,4,10,October,43,18,Sunday
100214,1399/07/28,2020-10-19,1399,3,پاییز,7,مهر,32,28,دوشنبه,0,,2020,4,10,October,43,19,Monday
100215,1399/07/29,2020-10-20,1399,3,پاییز,7,مهر,32,29,سه‌شنبه,0,,2020,4,10,October,43,20,Tuesday
100216,1399/07/30,2020-10-21,1399,3,پاییز,7,مهر,32,30,چهارشنبه,0,,2020,4,10,October,43,21,Wednesday
100217,1399/08/01,2020-10-22,1399,3,پاییز,8,آبان,32,1,پنج‌شنبه,0,روز آمار و برنامه ریزی,2020,4,10,October,43,22,Thursday
100218,1399/08/02,2020-10-23,1399,3,پاییز,8,آبان,32,2,جمعه,1,,2020,4,10,October,43,23,Friday
100219,1399/08/03,2020-10-24,1399,3,پاییز,8,آبان,33,3,شنبه,0,,2020,4,10,October,43,24,Saturday
100220,1399/08/04,2020-10-25,1399,3,پاییز,8,آبان,33,4,یک‌شنبه,1,شهادت امام حسن عسکری علیه السلام,2020,4,10,October,44,25,Sunday
100221,1399/08/05,2020-10-26,1399,3,پاییز,8,آبان,33,5,دوشنبه,0,,2020,4,10,October,44,26,Monday
100222,1399/08/06,2020-10-27,1399,3,پاییز,8,آبان,33,6,سه‌شنبه,0,,2020,4,10,October,44,27,Tuesday
100223,1399/08/07,2020-10-28,1399,3,پاییز,8,آبان,33,7,چهارشنبه,0,سالروز ورود کوروش بزرگ به بابل در سال 539 پیش از میلاد,2020,4,10,October,44,28,Wednesday
100224,1399/08/08,2020-10-29,1399,3,پاییز,8,آبان,33,8,پنج‌شنبه,0,روز نوجوان - میلاد رسول اکرم به روایت اهل سنت,2020,4,10,October,44,29,Thursday
100225,1399/08/09,2020-10-30,1399,3,پاییز,8,آبان,33,9,جمعه,1,,2020,4,10,October,44,30,Friday
100226,1399/08/10,2020-10-31,1399,3,پاییز,8,آبان,34,10,شنبه,0,,2020,4,10,October,44,31,Saturday
100227,1399/08/11,2020-11-01,1399,3,پاییز,8,آبان,34,11,یک‌شنبه,0,,2020,4,11,November,45,1,Sunday
100228,1399/08/12,2020-11-02,1399,3,پاییز,8,آبان,34,12,دوشنبه,0,,2020,4,11,November,45,2,Monday
100229,1399/08/13,2020-11-03,1399,3,پاییز,8,آبان,34,13,سه‌شنبه,1,روز دانش آموز - میلاد رسول اکرم و امام جعفر صادق علیه السلام ,2020,4,11,November,45,3,Tuesday
100230,1399/08/14,2020-11-04,1399,3,پاییز,8,آبان,34,14,چهارشنبه,0,روز فرهنگ عمومی,2020,4,11,November,45,4,Wednesday
100231,1399/08/15,2020-11-05,1399,3,پاییز,8,آبان,34,15,پنج‌شنبه,0,,2020,4,11,November,45,5,Thursday
100232,1399/08/16,2020-11-06,1399,3,پاییز,8,آبان,34,16,جمعه,1,,2020,4,11,November,45,6,Friday
100233,1399/08/17,2020-11-07,1399,3,پاییز,8,آبان,35,17,شنبه,0,,2020,4,11,November,45,7,Saturday
100234,1399/08/18,2020-11-08,1399,3,پاییز,8,آبان,35,18,یک‌شنبه,0,روز ملی کیفیت,2020,4,11,November,46,8,Sunday
100235,1399/08/19,2020-11-09,1399,3,پاییز,8,آبان,35,19,دوشنبه,0,,2020,4,11,November,46,9,Monday
100236,1399/08/20,2020-11-10,1399,3,پاییز,8,آبان,35,20,سه‌شنبه,0,,2020,4,11,November,46,10,Tuesday
100237,1399/08/21,2020-11-11,1399,3,پاییز,8,آبان,35,21,چهارشنبه,0,,2020,4,11,November,46,11,Wednesday
100238,1399/08/22,2020-11-12,1399,3,پاییز,8,آبان,35,22,پنج‌شنبه,0,,2020,4,11,November,46,12,Thursday
100239,1399/08/23,2020-11-13,1399,3,پاییز,8,آبان,35,23,جمعه,1,,2020,4,11,November,46,13,Friday
100240,1399/08/24,2020-11-14,1399,3,پاییز,8,آبان,36,24,شنبه,0,روز کتاب و کتابخوانی - روز جهانی دیابت,2020,4,11,November,46,14,Saturday
100241,1399/08/25,2020-11-15,1399,3,پاییز,8,آبان,36,25,یک‌شنبه,0,روز جهانی فلسفه,2020,4,11,November,47,15,Sunday
100242,1399/08/26,2020-11-16,1399,3,پاییز,8,آبان,36,26,دوشنبه,0,,2020,4,11,November,47,16,Monday
100243,1399/08/27,2020-11-17,1399,3,پاییز,8,آبان,36,27,سه‌شنبه,0,,2020,4,11,November,47,17,Tuesday
100244,1399/08/28,2020-11-18,1399,3,پاییز,8,آبان,36,28,چهارشنبه,0,,2020,4,11,November,47,18,Wednesday
100245,1399/08/29,2020-11-19,1399,3,پاییز,8,آبان,36,29,پنج‌شنبه,0,,2020,4,11,November,47,19,Thursday
100246,1399/08/30,2020-11-20,1399,3,پاییز,8,آبان,36,30,جمعه,1,روز جهانی کودک,2020,4,11,November,47,20,Friday
100247,1399/09/01,2020-11-21,1399,3,پاییز,9,آذر,37,1,شنبه,0,,2020,4,11,November,47,21,Saturday
100248,1399/09/02,2020-11-22,1399,3,پاییز,9,آذر,37,2,یک‌شنبه,0,,2020,4,11,November,48,22,Sunday
100249,1399/09/03,2020-11-23,1399,3,پاییز,9,آذر,37,3,دوشنبه,0,,2020,4,11,November,48,23,Monday
100250,1399/09/04,2020-11-24,1399,3,پاییز,9,آذر,37,4,سه‌شنبه,0,ولادت امام حسن عسکری علیه السلام,2020,4,11,November,48,24,Tuesday
100251,1399/09/05,2020-11-25,1399,3,پاییز,9,آذر,37,5,چهارشنبه,0,روز بسیج مستضعفان -  روز جهانی مبارزه با خشونت علیه زنان,2020,4,11,November,48,25,Wednesday
100252,1399/09/06,2020-11-26,1399,3,پاییز,9,آذر,37,6,پنج‌شنبه,0,وفات حضرت معصومه سلام الله علیها ,2020,4,11,November,48,26,Thursday
100253,1399/09/07,2020-11-27,1399,3,پاییز,9,آذر,37,7,جمعه,1,روز نیروی دریایی,2020,4,11,November,48,27,Friday
100254,1399/09/08,2020-11-28,1399,3,پاییز,9,آذر,38,8,شنبه,0,,2020,4,11,November,48,28,Saturday
100255,1399/09/09,2020-11-29,1399,3,پاییز,9,آذر,38,9,یک‌شنبه,0,,2020,4,11,November,49,29,Sunday
100256,1399/09/10,2020-11-30,1399,3,پاییز,9,آذر,38,10,دوشنبه,0,روز مجلس,2020,4,11,November,49,30,Monday
100257,1399/09/11,2020-12-01,1399,3,پاییز,9,آذر,38,11,سه‌شنبه,0,روز جهانی ایدز,2020,4,12,December,49,1,Tuesday
100258,1399/09/12,2020-12-02,1399,3,پاییز,9,آذر,38,12,چهارشنبه,0,,2020,4,12,December,49,2,Wednesday
100259,1399/09/13,2020-12-03,1399,3,پاییز,9,آذر,38,13,پنج‌شنبه,0,روز بیمه - روز جهانی معلولان,2020,4,12,December,49,3,Thursday
100260,1399/09/14,2020-12-04,1399,3,پاییز,9,آذر,38,14,جمعه,1,,2020,4,12,December,49,4,Friday
100261,1399/09/15,2020-12-05,1399,3,پاییز,9,آذر,39,15,شنبه,0,روز حسابدار,2020,4,12,December,49,5,Saturday
100262,1399/09/16,2020-12-06,1399,3,پاییز,9,آذر,39,16,یک‌شنبه,0,روز دانشجو,2020,4,12,December,50,6,Sunday
100263,1399/09/17,2020-12-07,1399,3,پاییز,9,آذر,39,17,دوشنبه,0,,2020,4,12,December,50,7,Monday
100264,1399/09/18,2020-12-08,1399,3,پاییز,9,آذر,39,18,سه‌شنبه,0,,2020,4,12,December,50,8,Tuesday
100265,1399/09/19,2020-12-09,1399,3,پاییز,9,آذر,39,19,چهارشنبه,0,,2020,4,12,December,50,9,Wednesday
100266,1399/09/20,2020-12-10,1399,3,پاییز,9,آذر,39,20,پنج‌شنبه,0,,2020,4,12,December,50,10,Thursday
100267,1399/09/21,2020-12-11,1399,3,پاییز,9,آذر,39,21,جمعه,1,,2020,4,12,December,50,11,Friday
100268,1399/09/22,2020-12-12,1399,3,پاییز,9,آذر,40,22,شنبه,0,,2020,4,12,December,50,12,Saturday
100269,1399/09/23,2020-12-13,1399,3,پاییز,9,آذر,40,23,یک‌شنبه,0,,2020,4,12,December,51,13,Sunday
100270,1399/09/24,2020-12-14,1399,3,پاییز,9,آذر,40,24,دوشنبه,0,,2020,4,12,December,51,14,Monday
100271,1399/09/25,2020-12-15,1399,3,پاییز,9,آذر,40,25,سه‌شنبه,0,روز پژوهش,2020,4,12,December,51,15,Tuesday
100272,1399/09/26,2020-12-16,1399,3,پاییز,9,آذر,40,26,چهارشنبه,0,روز حمل و نقل,2020,4,12,December,51,16,Wednesday
100273,1399/09/27,2020-12-17,1399,3,پاییز,9,آذر,40,27,پنج‌شنبه,0,,2020,4,12,December,51,17,Thursday
100274,1399/09/28,2020-12-18,1399,3,پاییز,9,آذر,40,28,جمعه,1,,2020,4,12,December,51,18,Friday
100275,1399/09/29,2020-12-19,1399,3,پاییز,9,آذر,41,29,شنبه,0,,2020,4,12,December,51,19,Saturday
100276,1399/09/30,2020-12-20,1399,3,پاییز,9,آذر,41,30,یک‌شنبه,0,جشن شب یلدا - ولادت حضرت زینب سلام الله علیها و روز پرستار و بهورز,2020,4,12,December,52,20,Sunday
100277,1399/10/01,2020-12-21,1399,4,زمستان,10,دی,41,1,دوشنبه,0,,2020,4,12,December,52,21,Monday
100278,1399/10/02,2020-12-22,1399,4,زمستان,10,دی,41,2,سه‌شنبه,0,,2020,4,12,December,52,22,Tuesday
100279,1399/10/03,2020-12-23,1399,4,زمستان,10,دی,41,3,چهارشنبه,0,,2020,4,12,December,52,23,Wednesday
100280,1399/10/04,2020-12-24,1399,4,زمستان,10,دی,41,4,پنج‌شنبه,0,,2020,4,12,December,52,24,Thursday
100281,1399/10/05,2020-12-25,1399,4,زمستان,10,دی,41,5,جمعه,1,سالروز زمین لرزه ی بم در سال 1382 - جشن کریسمس,2020,4,12,December,52,25,Friday
100282,1399/10/06,2020-12-26,1399,4,زمستان,10,دی,42,6,شنبه,0,,2020,4,12,December,52,26,Saturday
100283,1399/10/07,2020-12-27,1399,4,زمستان,10,دی,42,7,یک‌شنبه,0,,2020,4,12,December,53,27,Sunday
100284,1399/10/08,2020-12-28,1399,4,زمستان,10,دی,42,8,دوشنبه,0,,2020,4,12,December,53,28,Monday
100285,1399/10/09,2020-12-29,1399,4,زمستان,10,دی,42,9,سه‌شنبه,0,,2020,4,12,December,53,29,Tuesday
100286,1399/10/10,2020-12-30,1399,4,زمستان,10,دی,42,10,چهارشنبه,0,,2020,4,12,December,53,30,Wednesday
100287,1399/10/11,2020-12-31,1399,4,زمستان,10,دی,42,11,پنج‌شنبه,0,,2020,4,12,December,53,31,Thursday
100288,1399/10/12,2021-01-01,1399,4,زمستان,10,دی,42,12,جمعه,1,جشن آغاز سال نو میلادی,2021,1,1,January,1,1,Friday
100289,1399/10/13,2021-01-02,1399,4,زمستان,10,دی,43,13,شنبه,0,,2021,1,1,January,1,2,Saturday
100290,1399/10/14,2021-01-03,1399,4,زمستان,10,دی,43,14,یک‌شنبه,0,,2021,1,1,January,2,3,Sunday
100291,1399/10/15,2021-01-04,1399,4,زمستان,10,دی,43,15,دوشنبه,0,,2021,1,1,January,2,4,Monday
100292,1399/10/16,2021-01-05,1399,4,زمستان,10,دی,43,16,سه‌شنبه,0,,2021,1,1,January,2,5,Tuesday
100293,1399/10/17,2021-01-06,1399,4,زمستان,10,دی,43,17,چهارشنبه,0,,2021,1,1,January,2,6,Wednesday
100294,1399/10/18,2021-01-07,1399,4,زمستان,10,دی,43,18,پنج‌شنبه,0,,2021,1,1,January,2,7,Thursday
100295,1399/10/19,2021-01-08,1399,4,زمستان,10,دی,43,19,جمعه,1,,2021,1,1,January,2,8,Friday
100296,1399/10/20,2021-01-09,1399,4,زمستان,10,دی,44,20,شنبه,0,سالروز قتل امیرکبیر به دستور ناصرالدین شاه قاجار,2021,1,1,January,2,9,Saturday
100297,1399/10/21,2021-01-10,1399,4,زمستان,10,دی,44,21,یک‌شنبه,0,,2021,1,1,January,3,10,Sunday
100298,1399/10/22,2021-01-11,1399,4,زمستان,10,دی,44,22,دوشنبه,0,,2021,1,1,January,3,11,Monday
100299,1399/10/23,2021-01-12,1399,4,زمستان,10,دی,44,23,سه‌شنبه,0,,2021,1,1,January,3,12,Tuesday
100300,1399/10/24,2021-01-13,1399,4,زمستان,10,دی,44,24,چهارشنبه,0,,2021,1,1,January,3,13,Wednesday
100301,1399/10/25,2021-01-14,1399,4,زمستان,10,دی,44,25,پنج‌شنبه,0,,2021,1,1,January,3,14,Thursday
100302,1399/10/26,2021-01-15,1399,4,زمستان,10,دی,44,26,جمعه,1,,2021,1,1,January,3,15,Friday
100303,1399/10/27,2021-01-16,1399,4,زمستان,10,دی,45,27,شنبه,0,,2021,1,1,January,3,16,Saturday
100304,1399/10/28,2021-01-17,1399,4,زمستان,10,دی,45,28,یک‌شنبه,1,شهادت حضرت فاطمه زهرا سلام الله علیها,2021,1,1,January,4,17,Sunday
100305,1399/10/29,2021-01-18,1399,4,زمستان,10,دی,45,29,دوشنبه,0,,2021,1,1,January,4,18,Monday
100306,1399/10/30,2021-01-19,1399,4,زمستان,10,دی,45,30,سه‌شنبه,0,,2021,1,1,January,4,19,Tuesday
100307,1399/11/01,2021-01-20,1399,4,زمستان,11,بهمن,45,1,چهارشنبه,0,زادروز فردوسی,2021,1,1,January,4,20,Wednesday
100308,1399/11/02,2021-01-21,1399,4,زمستان,11,بهمن,45,2,پنج‌شنبه,0,,2021,1,1,January,4,21,Thursday
100309,1399/11/03,2021-01-22,1399,4,زمستان,11,بهمن,45,3,جمعه,1,,2021,1,1,January,4,22,Friday
100310,1399/11/04,2021-01-23,1399,4,زمستان,11,بهمن,46,4,شنبه,0,,2021,1,1,January,4,23,Saturday
100311,1399/11/05,2021-01-24,1399,4,زمستان,11,بهمن,46,5,یک‌شنبه,0,جشن نوسره,2021,1,1,January,5,24,Sunday
100312,1399/11/06,2021-01-25,1399,4,زمستان,11,بهمن,46,6,دوشنبه,0,,2021,1,1,January,5,25,Monday
100313,1399/11/07,2021-01-26,1399,4,زمستان,11,بهمن,46,7,سه‌شنبه,0,,2021,1,1,January,5,26,Tuesday
100314,1399/11/08,2021-01-27,1399,4,زمستان,11,بهمن,46,8,چهارشنبه,0,,2021,1,1,January,5,27,Wednesday
100315,1399/11/09,2021-01-28,1399,4,زمستان,11,بهمن,46,9,پنج‌شنبه,0,شهادت حضرت فاطمه زهرا سلام الله علیها,2021,1,1,January,5,28,Thursday
100316,1399/11/10,2021-01-29,1399,4,زمستان,11,بهمن,46,10,جمعه,1,جشن سده,2021,1,1,January,5,29,Friday
100317,1399/11/11,2021-01-30,1399,4,زمستان,11,بهمن,47,11,شنبه,0,,2021,1,1,January,5,30,Saturday
100318,1399/11/12,2021-01-31,1399,4,زمستان,11,بهمن,47,12,یک‌شنبه,0,بازگشت امام خمینی (ره) به ایران,2021,1,1,January,6,31,Sunday
100319,1399/11/13,2021-02-01,1399,4,زمستان,11,بهمن,47,13,دوشنبه,0,,2021,1,2,February,6,1,Monday
100320,1399/11/14,2021-02-02,1399,4,زمستان,11,بهمن,47,14,سه‌شنبه,0,,2021,1,2,February,6,2,Tuesday
100321,1399/11/15,2021-02-03,1399,4,زمستان,11,بهمن,47,15,چهارشنبه,0,,2021,1,2,February,6,3,Wednesday
100322,1399/11/16,2021-02-04,1399,4,زمستان,11,بهمن,47,16,پنج‌شنبه,0,,2021,1,2,February,6,4,Thursday
100323,1399/11/17,2021-02-05,1399,4,زمستان,11,بهمن,47,17,جمعه,1,,2021,1,2,February,6,5,Friday
100324,1399/11/18,2021-02-06,1399,4,زمستان,11,بهمن,48,18,شنبه,0,,2021,1,2,February,6,6,Saturday
100325,1399/11/19,2021-02-07,1399,4,زمستان,11,بهمن,48,19,یک‌شنبه,0,روز نیروی هوایی,2021,1,2,February,7,7,Sunday
100326,1399/11/20,2021-02-08,1399,4,زمستان,11,بهمن,48,20,دوشنبه,0,,2021,1,2,February,7,8,Monday
100327,1399/11/21,2021-02-09,1399,4,زمستان,11,بهمن,48,21,سه‌شنبه,0,,2021,1,2,February,7,9,Tuesday
100328,1399/11/22,2021-02-10,1399,4,زمستان,11,بهمن,48,22,چهارشنبه,1,پیروزی انقلاب اسلامی,2021,1,2,February,7,10,Wednesday
100329,1399/11/23,2021-02-11,1399,4,زمستان,11,بهمن,48,23,پنج‌شنبه,0,,2021,1,2,February,7,11,Thursday
100330,1399/11/24,2021-02-12,1399,4,زمستان,11,بهمن,48,24,جمعه,1,,2021,1,2,February,7,12,Friday
100331,1399/11/25,2021-02-13,1399,4,زمستان,11,بهمن,49,25,شنبه,0,روز ولنتاین,2021,1,2,February,7,13,Saturday
100332,1399/11/26,2021-02-14,1399,4,زمستان,11,بهمن,49,26,یک‌شنبه,0,ولادت حضرت فاطمه زهرا سلام الله علیها و روز مادر,2021,1,2,February,8,14,Sunday
100333,1399/11/27,2021-02-15,1399,4,زمستان,11,بهمن,49,27,دوشنبه,0,,2021,1,2,February,8,15,Monday
100334,1399/11/28,2021-02-16,1399,4,زمستان,11,بهمن,49,28,سه‌شنبه,0,,2021,1,2,February,8,16,Tuesday
100335,1399/11/29,2021-02-17,1399,4,زمستان,11,بهمن,49,29,چهارشنبه,0,جشن سپندارمذگان و روز عشق,2021,1,2,February,8,17,Wednesday
100336,1399/11/30,2021-02-18,1399,4,زمستان,11,بهمن,49,30,پنج‌شنبه,0,,2021,1,2,February,8,18,Thursday
100337,1399/12/01,2021-02-19,1399,4,زمستان,12,اسفند,49,1,جمعه,1,,2021,1,2,February,8,19,Friday
100338,1399/12/02,2021-02-20,1399,4,زمستان,12,اسفند,50,2,شنبه,0,روز جهانی زبان مادری,2021,1,2,February,8,20,Saturday
100339,1399/12/03,2021-02-21,1399,4,زمستان,12,اسفند,50,3,یک‌شنبه,0,,2021,1,2,February,9,21,Sunday
100340,1399/12/04,2021-02-22,1399,4,زمستان,12,اسفند,50,4,دوشنبه,0,,2021,1,2,February,9,22,Monday
100341,1399/12/05,2021-02-23,1399,4,زمستان,12,اسفند,50,5,سه‌شنبه,0,روز بزرگداشت زمین و بانوان -  روز بزرگداشت خواجه نصیر الدین طوسی و روز مهندس,2021,1,2,February,9,23,Tuesday
100342,1399/12/06,2021-02-24,1399,4,زمستان,12,اسفند,50,6,چهارشنبه,0,ولادت امام محمد باقر علیه السلام,2021,1,2,February,9,24,Wednesday
100343,1399/12/07,2021-02-25,1399,4,زمستان,12,اسفند,50,7,پنج‌شنبه,1, سالروز استقلال کانون وکلای دادگستری و روز وکیل مدافع -  سالروز درگذشت علی اکبر دهخدا,2021,1,2,February,9,25,Thursday
100344,1399/12/08,2021-02-26,1399,4,زمستان,12,اسفند,50,8,جمعه,1,شهادت امام علی النقی الهادی علیه السلام,2021,1,2,February,9,26,Friday
100345,1399/12/09,2021-02-27,1399,4,زمستان,12,اسفند,51,9,شنبه,0,,2021,1,2,February,9,27,Saturday
100346,1399/12/10,2021-02-28,1399,4,زمستان,12,اسفند,51,10,یک‌شنبه,0,,2021,1,2,February,10,28,Sunday
100347,1399/12/11,2021-03-01,1399,4,زمستان,12,اسفند,51,11,دوشنبه,0,,2021,1,3,March,10,1,Monday
100348,1399/12/12,2021-03-02,1399,4,زمستان,12,اسفند,51,12,سه‌شنبه,0,,2021,1,3,March,10,2,Tuesday
100349,1399/12/13,2021-03-03,1399,4,زمستان,12,اسفند,51,13,چهارشنبه,0,,2021,1,3,March,10,3,Wednesday
100350,1399/12/14,2021-03-04,1399,4,زمستان,12,اسفند,51,14,پنج‌شنبه,0,سالروز درگذشت دکتر محمد مصدق,2021,1,3,March,10,4,Thursday
100351,1399/12/15,2021-03-05,1399,4,زمستان,12,اسفند,51,15,جمعه,1,روز درختکاری -  ولادت امام محمد تقی علیه السلام,2021,1,3,March,10,5,Friday
100352,1399/12/16,2021-03-06,1399,4,زمستان,12,اسفند,52,16,شنبه,0,,2021,1,3,March,10,6,Saturday
100353,1399/12/17,2021-03-07,1399,4,زمستان,12,اسفند,52,17,یک‌شنبه,0,,2021,1,3,March,11,7,Sunday
100354,1399/12/18,2021-03-08,1399,4,زمستان,12,اسفند,52,18,دوشنبه,0,ولادت امام علی علیه السلام و روز پدر -  روزجهانی زنان,2021,1,3,March,11,8,Monday
100355,1399/12/19,2021-03-09,1399,4,زمستان,12,اسفند,52,19,سه‌شنبه,0,,2021,1,3,March,11,9,Tuesday
100356,1399/12/20,2021-03-10,1399,4,زمستان,12,اسفند,52,20,چهارشنبه,0, وفات حضرت زینب سلام الله علیها,2021,1,3,March,11,10,Wednesday
100357,1399/12/21,2021-03-11,1399,4,زمستان,12,اسفند,52,21,پنج‌شنبه,1,,2021,1,3,March,11,11,Thursday
100358,1399/12/22,2021-03-12,1399,4,زمستان,12,اسفند,52,22,جمعه,1,,2021,1,3,March,11,12,Friday
100359,1399/12/23,2021-03-13,1399,4,زمستان,12,اسفند,53,23,شنبه,0,,2021,1,3,March,11,13,Saturday
100360,1399/12/24,2021-03-14,1399,4,زمستان,12,اسفند,53,24,یک‌شنبه,0,,2021,1,3,March,12,14,Sunday
100361,1399/12/25,2021-03-15,1399,4,زمستان,12,اسفند,53,25,دوشنبه,0,,2021,1,3,March,12,15,Monday
100362,1399/12/26,2021-03-16,1399,4,زمستان,12,اسفند,53,26,سه‌شنبه,0,,2021,1,3,March,12,16,Tuesday
100363,1399/12/27,2021-03-17,1399,4,زمستان,12,اسفند,53,27,چهارشنبه,0,,2021,1,3,March,12,17,Wednesday
100364,1399/12/28,2021-03-18,1399,4,زمستان,12,اسفند,53,28,پنج‌شنبه,0,,2021,1,3,March,12,18,Thursday
100365,1399/12/29,2021-03-19,1399,4,زمستان,12,اسفند,53,29,جمعه,1,روز ملی شدن صنعت نفت ایران,2021,1,3,March,12,19,Friday
100366,1399/12/30,2021-03-20,1399,4,زمستان,12,اسفند,54,30,شنبه,1,آخرین روز سال,2021,1,3,March,12,20,Saturday
100367,1400/01/01,2021-03-21,1400,1,بهار,1,فروردین,1,1,یک‌شنبه,1,جشن نوروز/جشن سال نو,2021,1,3,March,13,21,Sunday
100368,1400/01/02,2021-03-22,1400,1,بهار,1,فروردین,1,2,دوشنبه,1,عیدنوروز,2021,1,3,March,13,22,Monday
100369,1400/01/03,2021-03-23,1400,1,بهار,1,فروردین,1,3,سه‌شنبه,1,عیدنوروز,2021,1,3,March,13,23,Tuesday
100370,1400/01/04,2021-03-24,1400,1,بهار,1,فروردین,1,4,چهارشنبه,1,عیدنوروز,2021,1,3,March,13,24,Wednesday
100371,1400/01/05,2021-03-25,1400,1,بهار,1,فروردین,1,5,پنج‌شنبه,0,ولادت علی اکبر علیه السلام و روز جوان,2021,1,3,March,13,25,Thursday
100372,1400/01/06,2021-03-26,1400,1,بهار,1,فروردین,1,6,جمعه,1,روز امید، روز شادباش نویسی,2021,1,3,March,13,26,Friday
100373,1400/01/07,2021-03-27,1400,1,بهار,1,فروردین,2,7,شنبه,0,روز جهانی تئاتر,2021,1,3,March,13,27,Saturday
100374,1400/01/08,2021-03-28,1400,1,بهار,1,فروردین,2,8,یک‌شنبه,0,,2021,1,3,March,14,28,Sunday
100375,1400/01/09,2021-03-29,1400,1,بهار,1,فروردین,2,9,دوشنبه,1, ولادت حضرت قائم عجل الله تعالی فرجه و جشن نیمه شعبان,2021,1,3,March,14,29,Monday
100376,1400/01/10,2021-03-30,1400,1,بهار,1,فروردین,2,10,سه‌شنبه,0,جشن آبانگاه,2021,1,3,March,14,30,Tuesday
100377,1400/01/11,2021-03-31,1400,1,بهار,1,فروردین,2,11,چهارشنبه,0,,2021,1,3,March,14,31,Wednesday
100378,1400/01/12,2021-04-01,1400,1,بهار,1,فروردین,2,12,پنج‌شنبه,1,روز جمهوری اسلامی,2021,2,4,April,14,1,Thursday
100379,1400/01/13,2021-04-02,1400,1,بهار,1,فروردین,2,13,جمعه,1,جشن سیزده به در,2021,2,4,April,14,2,Friday
100380,1400/01/14,2021-04-03,1400,1,بهار,1,فروردین,3,14,شنبه,0,,2021,2,4,April,14,3,Saturday
100381,1400/01/15,2021-04-04,1400,1,بهار,1,فروردین,3,15,یک‌شنبه,0,,2021,2,4,April,15,4,Sunday
100382,1400/01/16,2021-04-05,1400,1,بهار,1,فروردین,3,16,دوشنبه,0,,2021,2,4,April,15,5,Monday
100383,1400/01/17,2021-04-06,1400,1,بهار,1,فروردین,3,17,سه‌شنبه,0,سروش روز،جشن سروشگان,2021,2,4,April,15,6,Tuesday
100384,1400/01/18,2021-04-07,1400,1,بهار,1,فروردین,3,18,چهارشنبه,0,روز جهانی بهداشت,2021,2,4,April,15,7,Wednesday
100385,1400/01/19,2021-04-08,1400,1,بهار,1,فروردین,3,19,پنج‌شنبه,0,جشن فروردینگان,2021,2,4,April,15,8,Thursday
100386,1400/01/20,2021-04-09,1400,1,بهار,1,فروردین,3,20,جمعه,1,,2021,2,4,April,15,9,Friday
100387,1400/01/21,2021-04-10,1400,1,بهار,1,فروردین,4,21,شنبه,0,,2021,2,4,April,15,10,Saturday
100388,1400/01/22,2021-04-11,1400,1,بهار,1,فروردین,4,22,یک‌شنبه,0,,2021,2,4,April,16,11,Sunday
100389,1400/01/23,2021-04-12,1400,1,بهار,1,فروردین,4,23,دوشنبه,0,روز دندانپزشک,2021,2,4,April,16,12,Monday
100390,1400/01/24,2021-04-13,1400,1,بهار,1,فروردین,4,24,سه‌شنبه,0,,2021,2,4,April,16,13,Tuesday
100391,1400/01/25,2021-04-14,1400,1,بهار,1,فروردین,4,25,چهارشنبه,0,روز بزرگداشت عطار نیشابوری,2021,2,4,April,16,14,Wednesday
100392,1400/01/26,2021-04-15,1400,1,بهار,1,فروردین,4,26,پنج‌شنبه,0,,2021,2,4,April,16,15,Thursday
100393,1400/01/27,2021-04-16,1400,1,بهار,1,فروردین,4,27,جمعه,1,,2021,2,4,April,16,16,Friday
100394,1400/01/28,2021-04-17,1400,1,بهار,1,فروردین,5,28,شنبه,0,,2021,2,4,April,16,17,Saturday
100395,1400/01/29,2021-04-18,1400,1,بهار,1,فروردین,5,29,یک‌شنبه,0,روز ارتش جمهوری اسلامی ایران,2021,2,4,April,17,18,Sunday
100396,1400/01/30,2021-04-19,1400,1,بهار,1,فروردین,5,30,دوشنبه,0,روز علوم آزمایشگاهی، زاد روز حکیم سید اسماعیل جرجانی,2021,2,4,April,17,19,Monday
100397,1400/01/31,2021-04-20,1400,1,بهار,1,فروردین,5,31,سه‌شنبه,0,,2021,2,4,April,17,20,Tuesday
100398,1400/02/01,2021-04-21,1400,1,بهار,2,اردیبهشت,5,1,چهارشنبه,0,روز بزرگداشت سعدی,2021,2,4,April,17,21,Wednesday
100399,1400/02/02,2021-04-22,1400,1,بهار,2,اردیبهشت,5,2,پنج‌شنبه,0,جشن گیاه آوری؛ روز زمین,2021,2,4,April,17,22,Thursday
100400,1400/02/03,2021-04-23,1400,1,بهار,2,اردیبهشت,5,3,جمعه,1,روزبزرگداشت شیخ بهایی؛ روزملی کارآفرینی,2021,2,4,April,17,23,Friday
100401,1400/02/04,2021-04-24,1400,1,بهار,2,اردیبهشت,6,4,شنبه,0,,2021,2,4,April,17,24,Saturday
100402,1400/02/05,2021-04-25,1400,1,بهار,2,اردیبهشت,6,5,یک‌شنبه,0,,2021,2,4,April,18,25,Sunday
100403,1400/02/06,2021-04-26,1400,1,بهار,2,اردیبهشت,6,6,دوشنبه,0,,2021,2,4,April,18,26,Monday
100404,1400/02/07,2021-04-27,1400,1,بهار,2,اردیبهشت,6,7,سه‌شنبه,0,,2021,2,4,April,18,27,Tuesday
100405,1400/02/08,2021-04-28,1400,1,بهار,2,اردیبهشت,6,8,چهارشنبه,0,ولادت امام حسن مجتبی علیه السلام,2021,2,4,April,18,28,Wednesday
100406,1400/02/09,2021-04-29,1400,1,بهار,2,اردیبهشت,6,9,پنج‌شنبه,0,روزشوراها - روز جهانی روانشناس و مشاور,2021,2,4,April,18,29,Thursday
100407,1400/02/10,2021-04-30,1400,1,بهار,2,اردیبهشت,6,10,جمعه,1,جشن چهلم نوروز؛ روز ملی خلیج فارس,2021,2,4,April,18,30,Friday
100408,1400/02/11,2021-05-01,1400,1,بهار,2,اردیبهشت,7,11,شنبه,0,شب قدر - روزجهانی کارگر ,2021,2,5,May,18,1,Saturday
100409,1400/02/12,2021-05-02,1400,1,بهار,2,اردیبهشت,7,12,یک‌شنبه,0,شهادت استاد مرتضی مطهری، روزمعلم - ضربت خوردن حضرت علی علیه السلام,2021,2,5,May,19,2,Sunday
100410,1400/02/13,2021-05-03,1400,1,بهار,2,اردیبهشت,7,13,دوشنبه,0,,2021,2,5,May,19,3,Monday
100411,1400/02/14,2021-05-04,1400,1,بهار,2,اردیبهشت,7,14,سه‌شنبه,1,شهادت حضرت علی علیه السلام,2021,2,5,May,19,4,Tuesday
100412,1400/02/15,2021-05-05,1400,1,بهار,2,اردیبهشت,7,15,چهارشنبه,0,شب قدر - جشن میانه بهار/جشن بهاربد؛ روز شیراز - روز جهانی ماما,2021,2,5,May,19,5,Wednesday
100413,1400/02/16,2021-05-06,1400,1,بهار,2,اردیبهشت,7,16,پنج‌شنبه,0,,2021,2,5,May,19,6,Thursday
100414,1400/02/17,2021-05-07,1400,1,بهار,2,اردیبهشت,7,17,جمعه,1,روز اسناد ملی و میراث مکتوب,2021,2,5,May,19,7,Friday
100415,1400/02/18,2021-05-08,1400,1,بهار,2,اردیبهشت,8,18,شنبه,0,روز جهانی صلیب سرخ و هلال احمر,2021,2,5,May,19,8,Saturday
100416,1400/02/19,2021-05-09,1400,1,بهار,2,اردیبهشت,8,19,یک‌شنبه,0,,2021,2,5,May,20,9,Sunday
100417,1400/02/20,2021-05-10,1400,1,بهار,2,اردیبهشت,8,20,دوشنبه,0,,2021,2,5,May,20,10,Monday
100418,1400/02/21,2021-05-11,1400,1,بهار,2,اردیبهشت,8,21,سه‌شنبه,0,,2021,2,5,May,20,11,Tuesday
100419,1400/02/22,2021-05-12,1400,1,بهار,2,اردیبهشت,8,22,چهارشنبه,0,,2021,2,5,May,20,12,Wednesday
100420,1400/02/23,2021-05-13,1400,1,بهار,2,اردیبهشت,8,23,پنج‌شنبه,1,عید سعید فطر,2021,2,5,May,20,13,Thursday
100421,1400/02/24,2021-05-14,1400,1,بهار,2,اردیبهشت,8,24,جمعه,1, تعطیل به مناسبت عید سعید فطر,2021,2,5,May,20,14,Friday
100422,1400/02/25,2021-05-15,1400,1,بهار,2,اردیبهشت,9,25,شنبه,0,روز بزرگداشت فردوسی,2021,2,5,May,20,15,Saturday
100423,1400/02/26,2021-05-16,1400,1,بهار,2,اردیبهشت,9,26,یک‌شنبه,0,,2021,2,5,May,21,16,Sunday
100424,1400/02/27,2021-05-17,1400,1,بهار,2,اردیبهشت,9,27,دوشنبه,0,روز ارتباطات و روابط عمومی,2021,2,5,May,21,17,Monday
100425,1400/02/28,2021-05-18,1400,1,بهار,2,اردیبهشت,9,28,سه‌شنبه,0,روز بزرگداشت حکیم عمر خیام - روز جهانی موزه و میراث فرهنگی,2021,2,5,May,21,18,Tuesday
100426,1400/02/29,2021-05-19,1400,1,بهار,2,اردیبهشت,9,29,چهارشنبه,0,,2021,2,5,May,21,19,Wednesday
100427,1400/02/30,2021-05-20,1400,1,بهار,2,اردیبهشت,9,30,پنج‌شنبه,0,,2021,2,5,May,21,20,Thursday
100428,1400/02/31,2021-05-21,1400,1,بهار,2,اردیبهشت,9,31,جمعه,1,,2021,2,5,May,21,21,Friday
100429,1400/03/01,2021-05-22,1400,1,بهار,3,خرداد,10,1,شنبه,0,روز بزرگداشت ملاصدرا - روز بهره وری و بهینه سازی مصرف,2021,2,5,May,21,22,Saturday
100430,1400/03/02,2021-05-23,1400,1,بهار,3,خرداد,10,2,یک‌شنبه,0,,2021,2,5,May,22,23,Sunday
100431,1400/03/03,2021-05-24,1400,1,بهار,3,خرداد,10,3,دوشنبه,0,فتح خرمشهر در عملیات بیت المقدس و روز مقاومت، ایثار و پیروزی,2021,2,5,May,22,24,Monday
100432,1400/03/04,2021-05-25,1400,1,بهار,3,خرداد,10,4,سه‌شنبه,0,روز دزفول، روز مقاومت و پایداری,2021,2,5,May,22,25,Tuesday
100433,1400/03/05,2021-05-26,1400,1,بهار,3,خرداد,10,5,چهارشنبه,0,,2021,2,5,May,22,26,Wednesday
100434,1400/03/06,2021-05-27,1400,1,بهار,3,خرداد,10,6,پنج‌شنبه,0,خرداد روز،جشن خردادگان,2021,2,5,May,22,27,Thursday
100435,1400/03/07,2021-05-28,1400,1,بهار,3,خرداد,10,7,جمعه,1,,2021,2,5,May,22,28,Friday
100436,1400/03/08,2021-05-29,1400,1,بهار,3,خرداد,11,8,شنبه,0,,2021,2,5,May,22,29,Saturday
100437,1400/03/09,2021-05-30,1400,1,بهار,3,خرداد,11,9,یک‌شنبه,0,,2021,2,5,May,23,30,Sunday
100438,1400/03/10,2021-05-31,1400,1,بهار,3,خرداد,11,10,دوشنبه,0,,2021,2,5,May,23,31,Monday
100439,1400/03/11,2021-06-01,1400,1,بهار,3,خرداد,11,11,سه‌شنبه,0,,2021,2,6,June,23,1,Tuesday
100440,1400/03/12,2021-06-02,1400,1,بهار,3,خرداد,11,12,چهارشنبه,0,,2021,2,6,June,23,2,Wednesday
100441,1400/03/13,2021-06-03,1400,1,بهار,3,خرداد,11,13,پنج‌شنبه,0,,2021,2,6,June,23,3,Thursday
100442,1400/03/14,2021-06-04,1400,1,بهار,3,خرداد,11,14,جمعه,1,رحلت حضرت امام خمینی,2021,2,6,June,23,4,Friday
100443,1400/03/15,2021-06-05,1400,1,بهار,3,خرداد,12,15,شنبه,1,قیام 15 خرداد - روز جهانی محیط زیست,2021,2,6,June,23,5,Saturday
100444,1400/03/16,2021-06-06,1400,1,بهار,3,خرداد,12,16,یک‌شنبه,1,شهادت امام جعفر صادق علیه السلام,2021,2,6,June,24,6,Sunday
100445,1400/03/17,2021-06-07,1400,1,بهار,3,خرداد,12,17,دوشنبه,0,,2021,2,6,June,24,7,Monday
100446,1400/03/18,2021-06-08,1400,1,بهار,3,خرداد,12,18,سه‌شنبه,0,,2021,2,6,June,24,8,Tuesday
100447,1400/03/19,2021-06-09,1400,1,بهار,3,خرداد,12,19,چهارشنبه,0,,2021,2,6,June,24,9,Wednesday
100448,1400/03/20,2021-06-10,1400,1,بهار,3,خرداد,12,20,پنج‌شنبه,0,روز جهانی صنایع دستی,2021,2,6,June,24,10,Thursday
100449,1400/03/21,2021-06-11,1400,1,بهار,3,خرداد,12,21,جمعه,1,,2021,2,6,June,24,11,Friday
100450,1400/03/22,2021-06-12,1400,1,بهار,3,خرداد,13,22,شنبه,0,ولادت حضرت معصومه سلام الله علیها و روز دختران - روز جهانی مبارزه با کار کودکان,2021,2,6,June,24,12,Saturday
100451,1400/03/23,2021-06-13,1400,1,بهار,3,خرداد,13,23,یک‌شنبه,0,,2021,2,6,June,25,13,Sunday
100452,1400/03/24,2021-06-14,1400,1,بهار,3,خرداد,13,24,دوشنبه,0,روز جهانی اهدای خون,2021,2,6,June,25,14,Monday
100453,1400/03/25,2021-06-15,1400,1,بهار,3,خرداد,13,25,سه‌شنبه,0,روز ملی گل وگیاه,2021,2,6,June,25,15,Tuesday
100454,1400/03/26,2021-06-16,1400,1,بهار,3,خرداد,13,26,چهارشنبه,0,,2021,2,6,June,25,16,Wednesday
100455,1400/03/27,2021-06-17,1400,1,بهار,3,خرداد,13,27,پنج‌شنبه,0,روز جهاد کشاورزی - روز جهانی بیابان زدایی,2021,2,6,June,25,17,Thursday
100456,1400/03/28,2021-06-18,1400,1,بهار,3,خرداد,13,28,جمعه,1,,2021,2,6,June,25,18,Friday
100457,1400/03/29,2021-06-19,1400,1,بهار,3,خرداد,14,29,شنبه,0,,2021,2,6,June,25,19,Saturday
100458,1400/03/30,2021-06-20,1400,1,بهار,3,خرداد,14,30,یک‌شنبه,0,,2021,2,6,June,26,20,Sunday
100459,1400/03/31,2021-06-21,1400,1,بهار,3,خرداد,14,31,دوشنبه,0,,2021,2,6,June,26,21,Monday
100460,1400/04/01,2021-06-22,1400,2,تابستان,4,تیر,14,1,سه‌شنبه,0,ولادت امام رضا علیه السلام  - روز اصناف - جشن آب پاشونک، جشن آغاز تابستان,2021,2,6,June,26,22,Tuesday
100461,1400/04/02,2021-06-23,1400,2,تابستان,4,تیر,14,2,چهارشنبه,0, ,2021,2,6,June,26,23,Wednesday
100462,1400/04/03,2021-06-24,1400,2,تابستان,4,تیر,14,3,پنج‌شنبه,0,,2021,2,6,June,26,24,Thursday
100463,1400/04/04,2021-06-25,1400,2,تابستان,4,تیر,14,4,جمعه,1,,2021,2,6,June,26,25,Friday
100464,1400/04/05,2021-06-26,1400,2,تابستان,4,تیر,15,5,شنبه,0,روز جهانی مبارزه با مواد مخدر,2021,2,6,June,26,26,Saturday
100465,1400/04/06,2021-06-27,1400,2,تابستان,4,تیر,15,6,یک‌شنبه,0,,2021,2,6,June,27,27,Sunday
100466,1400/04/07,2021-06-28,1400,2,تابستان,4,تیر,15,7,دوشنبه,0,انفجار دفتر حزب جمهوری اسلامی و شهادت دکتر بهشتی و 72 نفر از اعضای حزب؛ روز قوه قضاییه,2021,2,6,June,27,28,Monday
100467,1400/04/08,2021-06-29,1400,2,تابستان,4,تیر,15,8,سه‌شنبه,0,روز مبارزه با سلاح های شیمیایی و میکروبی,2021,2,6,June,27,29,Tuesday
100468,1400/04/09,2021-06-30,1400,2,تابستان,4,تیر,15,9,چهارشنبه,0,,2021,2,6,June,27,30,Wednesday
100469,1400/04/10,2021-07-01,1400,2,تابستان,4,تیر,15,10,پنج‌شنبه,0,روز صنعت و معدن,2021,3,7,July,27,1,Thursday
100470,1400/04/11,2021-07-02,1400,2,تابستان,4,تیر,15,11,جمعه,1,,2021,3,7,July,27,2,Friday
100471,1400/04/12,2021-07-03,1400,2,تابستان,4,تیر,16,12,شنبه,0,شلیک به پرواز 655 ایران ایر توسط ناو وینسنس,2021,3,7,July,27,3,Saturday
100472,1400/04/13,2021-07-04,1400,2,تابستان,4,تیر,16,13,یک‌شنبه,0,تیر روز،جشن تیرگان,2021,3,7,July,28,4,Sunday
100473,1400/04/14,2021-07-05,1400,2,تابستان,4,تیر,16,14,دوشنبه,0,روز قلم,2021,3,7,July,28,5,Monday
100474,1400/04/15,2021-07-06,1400,2,تابستان,4,تیر,16,15,سه‌شنبه,0,جشن خام خواری,2021,3,7,July,28,6,Tuesday
100475,1400/04/16,2021-07-07,1400,2,تابستان,4,تیر,16,16,چهارشنبه,0,,2021,3,7,July,28,7,Wednesday
100476,1400/04/17,2021-07-08,1400,2,تابستان,4,تیر,16,17,پنج‌شنبه,0,,2021,3,7,July,28,8,Thursday
100477,1400/04/18,2021-07-09,1400,2,تابستان,4,تیر,16,18,جمعه,1,,2021,3,7,July,28,9,Friday
100478,1400/04/19,2021-07-10,1400,2,تابستان,4,تیر,17,19,شنبه,0,,2021,3,7,July,28,10,Saturday
100479,1400/04/20,2021-07-11,1400,2,تابستان,4,تیر,17,20,یک‌شنبه,0,شهادت امام محمد تقی علیه السلام,2021,3,7,July,29,11,Sunday
100480,1400/04/21,2021-07-12,1400,2,تابستان,4,تیر,17,21,دوشنبه,0,,2021,3,7,July,29,12,Monday
100481,1400/04/22,2021-07-13,1400,2,تابستان,4,تیر,17,22,سه‌شنبه,0,,2021,3,7,July,29,13,Tuesday
100482,1400/04/23,2021-07-14,1400,2,تابستان,4,تیر,17,23,چهارشنبه,0,,2021,3,7,July,29,14,Wednesday
100483,1400/04/24,2021-07-15,1400,2,تابستان,4,تیر,17,24,پنج‌شنبه,0,,2021,3,7,July,29,15,Thursday
100484,1400/04/25,2021-07-16,1400,2,تابستان,4,تیر,17,25,جمعه,1,روز بهزیستی و تامین اجتماعی,2021,3,7,July,29,16,Friday
100485,1400/04/26,2021-07-17,1400,2,تابستان,4,تیر,18,26,شنبه,0,,2021,3,7,July,29,17,Saturday
100486,1400/04/27,2021-07-18,1400,2,تابستان,4,تیر,18,27,یک‌شنبه,0,اعلام پذیرش قطعنامه 598 شورای امنیت از سوی ایران -  شهادت امام محمد باقر علیه السلام,2021,3,7,July,30,18,Sunday
100487,1400/04/28,2021-07-19,1400,2,تابستان,4,تیر,18,28,دوشنبه,0,,2021,3,7,July,30,19,Monday
100488,1400/04/29,2021-07-20,1400,2,تابستان,4,تیر,18,29,سه‌شنبه,0,روز عرفه,2021,3,7,July,30,20,Tuesday
100489,1400/04/30,2021-07-21,1400,2,تابستان,4,تیر,18,30,چهارشنبه,1,عید سعید قربان,2021,3,7,July,30,21,Wednesday
100490,1400/04/31,2021-07-22,1400,2,تابستان,4,تیر,18,31,پنج‌شنبه,0,,2021,3,7,July,30,22,Thursday
100491,1400/05/01,2021-07-23,1400,2,تابستان,5,مرداد,18,1,جمعه,0,,2021,3,7,July,30,23,Friday
100492,1400/05/02,2021-07-24,1400,2,تابستان,5,مرداد,19,2,شنبه,0,,2021,3,7,July,30,24,Saturday
100493,1400/05/03,2021-07-25,1400,2,تابستان,5,مرداد,19,3,یک‌شنبه,0,,2021,3,7,July,31,25,Sunday
100494,1400/05/04,2021-07-26,1400,2,تابستان,5,مرداد,19,4,دوشنبه,0,ولادت امام علی النقی الهادی علیه السلام,2021,3,7,July,31,26,Monday
100495,1400/05/05,2021-07-27,1400,2,تابستان,5,مرداد,19,5,سه‌شنبه,0,,2021,3,7,July,31,27,Tuesday
100496,1400/05/06,2021-07-28,1400,2,تابستان,5,مرداد,19,6,چهارشنبه,0,روز ترویج آموزش های فنی و حرفه ای,2021,3,7,July,31,28,Wednesday
100497,1400/05/07,2021-07-29,1400,2,تابستان,5,مرداد,19,7,پنج‌شنبه,1, مرداد روز،جشن مردادگان,2021,3,7,July,31,29,Thursday
100498,1400/05/08,2021-07-30,1400,2,تابستان,5,مرداد,19,8,جمعه,1,روز بزرگداشت شیخ شهاب الدین سهروردی,2021,3,7,July,31,30,Friday
100499,1400/05/09,2021-07-31,1400,2,تابستان,5,مرداد,20,9,شنبه,0,ولادت امام موسی کاظم علیه السلام,2021,3,7,July,31,31,Saturday
100500,1400/05/10,2021-08-01,1400,2,تابستان,5,مرداد,20,10,یک‌شنبه,0,جشن چله تابستان - آغاز هفته جهانی شیردهی,2021,3,8,August,32,1,Sunday
100501,1400/05/11,2021-08-02,1400,2,تابستان,5,مرداد,20,11,دوشنبه,0,,2021,3,8,August,32,2,Monday
100502,1400/05/12,2021-08-03,1400,2,تابستان,5,مرداد,20,12,سه‌شنبه,0,,2021,3,8,August,32,3,Tuesday
100503,1400/05/13,2021-08-04,1400,2,تابستان,5,مرداد,20,13,چهارشنبه,0,,2021,3,8,August,32,4,Wednesday
100504,1400/05/14,2021-08-05,1400,2,تابستان,5,مرداد,20,14,پنج‌شنبه,0,صدور فرمان مشروطیت,2021,3,8,August,32,5,Thursday
100505,1400/05/15,2021-08-06,1400,2,تابستان,5,مرداد,20,15,جمعه,1,,2021,3,8,August,32,6,Friday
100506,1400/05/16,2021-08-07,1400,2,تابستان,5,مرداد,21,16,شنبه,0,,2021,3,8,August,32,7,Saturday
100507,1400/05/17,2021-08-08,1400,2,تابستان,5,مرداد,21,17,یک‌شنبه,0,روز خبرنگار,2021,3,8,August,33,8,Sunday
100508,1400/05/18,2021-08-09,1400,2,تابستان,5,مرداد,21,18,دوشنبه,0,,2021,3,8,August,33,9,Monday
100509,1400/05/19,2021-08-10,1400,2,تابستان,5,مرداد,21,19,سه‌شنبه,0,,2021,3,8,August,33,10,Tuesday
100510,1400/05/20,2021-08-11,1400,2,تابستان,5,مرداد,21,20,چهارشنبه,0,,2021,3,8,August,33,11,Wednesday
100511,1400/05/21,2021-08-12,1400,2,تابستان,5,مرداد,21,21,پنج‌شنبه,0,,2021,3,8,August,33,12,Thursday
100512,1400/05/22,2021-08-13,1400,2,تابستان,5,مرداد,21,22,جمعه,1,روز جهانی چپ دست ها,2021,3,8,August,33,13,Friday
100513,1400/05/23,2021-08-14,1400,2,تابستان,5,مرداد,22,23,شنبه,0,,2021,3,8,August,33,14,Saturday
100514,1400/05/24,2021-08-15,1400,2,تابستان,5,مرداد,22,24,یک‌شنبه,0,,2021,3,8,August,34,15,Sunday
100515,1400/05/25,2021-08-16,1400,2,تابستان,5,مرداد,22,25,دوشنبه,0,,2021,3,8,August,34,16,Monday
100516,1400/05/26,2021-08-17,1400,2,تابستان,5,مرداد,22,26,سه‌شنبه,0,سالروز ورود آزادگانِ سرافراز به وطن,2021,3,8,August,34,17,Tuesday
100517,1400/05/27,2021-08-18,1400,2,تابستان,5,مرداد,22,27,چهارشنبه,1, تاسوعای حسینی,2021,3,8,August,34,18,Wednesday
100518,1400/05/28,2021-08-19,1400,2,تابستان,5,مرداد,22,28,پنج‌شنبه,1,عاشورای حسینی - کودتای 28 مرداد و برکناری دکتر محمد مصدق - روز جهانی عکاسی,2021,3,8,August,34,19,Thursday
100519,1400/05/29,2021-08-20,1400,2,تابستان,5,مرداد,22,29,جمعه,1,,2021,3,8,August,34,20,Friday
100520,1400/05/30,2021-08-21,1400,2,تابستان,5,مرداد,23,30,شنبه,0, شهادت امام زین العابدین علیه السلام,2021,3,8,August,34,21,Saturday
100521,1400/05/31,2021-08-22,1400,2,تابستان,5,مرداد,23,31,یک‌شنبه,0,,2021,3,8,August,35,22,Sunday
100522,1400/06/01,2021-08-23,1400,2,تابستان,6,شهریور,23,1,دوشنبه,0,روز بزرگداشت ابوعلی سینا و روز پزشک,2021,3,8,August,35,23,Monday
100523,1400/06/02,2021-08-24,1400,2,تابستان,6,شهریور,23,2,سه‌شنبه,0,آغاز هفته دولت,2021,3,8,August,35,24,Tuesday
100524,1400/06/03,2021-08-25,1400,2,تابستان,6,شهریور,23,3,چهارشنبه,0,,2021,3,8,August,35,25,Wednesday
100525,1400/06/04,2021-08-26,1400,2,تابستان,6,شهریور,23,4,پنج‌شنبه,0,روز کارمند - زادروز داراب (کوروش) - شهریور روز،جشن شهریورگان,2021,3,8,August,35,26,Thursday
100526,1400/06/05,2021-08-27,1400,2,تابستان,6,شهریور,23,5,جمعه,1,روز بزرگداشت محمدبن زکریای رازی و روز داروساز,2021,3,8,August,35,27,Friday
100527,1400/06/06,2021-08-28,1400,2,تابستان,6,شهریور,24,6,شنبه,0,,2021,3,8,August,35,28,Saturday
100528,1400/06/07,2021-08-29,1400,2,تابستان,6,شهریور,24,7,یک‌شنبه,0,,2021,3,8,August,36,29,Sunday
100529,1400/06/08,2021-08-30,1400,2,تابستان,6,شهریور,24,8,دوشنبه,0,انفجار در دفتر نخست‌وزیری جمهوری اسلامی ایران، روز مبارزه با تروریسم,2021,3,8,August,36,30,Monday
100530,1400/06/09,2021-08-31,1400,2,تابستان,6,شهریور,24,9,سه‌شنبه,0,,2021,3,8,August,36,31,Tuesday
100531,1400/06/10,2021-09-01,1400,2,تابستان,6,شهریور,24,10,چهارشنبه,0,,2021,3,9,September,36,1,Wednesday
100532,1400/06/11,2021-09-02,1400,2,تابستان,6,شهریور,24,11,پنج‌شنبه,0,روز صنعت چاپ,2021,3,9,September,36,2,Thursday
100533,1400/06/12,2021-09-03,1400,2,تابستان,6,شهریور,24,12,جمعه,1,,2021,3,9,September,36,3,Friday
100534,1400/06/13,2021-09-04,1400,2,تابستان,6,شهریور,25,13,شنبه,0,روز بزرگداشت ابوریحان بیرونی - روز تعاون,2021,3,9,September,36,4,Saturday
100535,1400/06/14,2021-09-05,1400,2,تابستان,6,شهریور,25,14,یک‌شنبه,0,,2021,3,9,September,37,5,Sunday
100536,1400/06/15,2021-09-06,1400,2,تابستان,6,شهریور,25,15,دوشنبه,0,,2021,3,9,September,37,6,Monday
100537,1400/06/16,2021-09-07,1400,2,تابستان,6,شهریور,25,16,سه‌شنبه,0,,2021,3,9,September,37,7,Tuesday
100538,1400/06/17,2021-09-08,1400,2,تابستان,6,شهریور,25,17,چهارشنبه,0,قیام 17 شهریور,2021,3,9,September,37,8,Wednesday
100539,1400/06/18,2021-09-09,1400,2,تابستان,6,شهریور,25,18,پنج‌شنبه,0,,2021,3,9,September,37,9,Thursday
100540,1400/06/19,2021-09-10,1400,2,تابستان,6,شهریور,25,19,جمعه,1,درگذشت آیت الله سید محمود طالقانی - روز جهانی پیشگیری از خودکشی,2021,3,9,September,37,10,Friday
100541,1400/06/20,2021-09-11,1400,2,تابستان,6,شهریور,26,20,شنبه,0,حمله به برج‌های دوقلوی مرکز تجارت جهانی,2021,3,9,September,37,11,Saturday
100542,1400/06/21,2021-09-12,1400,2,تابستان,6,شهریور,26,21,یک‌شنبه,0,روز سینما,2021,3,9,September,38,12,Sunday
100543,1400/06/22,2021-09-13,1400,2,تابستان,6,شهریور,26,22,دوشنبه,0,روز گرامیداشت برنامه نویسان,2021,3,9,September,38,13,Monday
100544,1400/06/23,2021-09-14,1400,2,تابستان,6,شهریور,26,23,سه‌شنبه,0,,2021,3,9,September,38,14,Tuesday
100545,1400/06/24,2021-09-15,1400,2,تابستان,6,شهریور,26,24,چهارشنبه,0,,2021,3,9,September,38,15,Wednesday
100546,1400/06/25,2021-09-16,1400,2,تابستان,6,شهریور,26,25,پنج‌شنبه,0,,2021,3,9,September,38,16,Thursday
100547,1400/06/26,2021-09-17,1400,2,تابستان,6,شهریور,26,26,جمعه,1,,2021,3,9,September,38,17,Friday
100548,1400/06/27,2021-09-18,1400,2,تابستان,6,شهریور,27,27,شنبه,0,روز شعر و ادب پارسی و روز بزرگداشت استاد شهریار,2021,3,9,September,38,18,Saturday
100549,1400/06/28,2021-09-19,1400,2,تابستان,6,شهریور,27,28,یک‌شنبه,0,,2021,3,9,September,39,19,Sunday
100550,1400/06/29,2021-09-20,1400,2,تابستان,6,شهریور,27,29,دوشنبه,0,,2021,3,9,September,39,20,Monday
100551,1400/06/30,2021-09-21,1400,2,تابستان,6,شهریور,27,30,سه‌شنبه,0,روز گفتگوی تمدنها - روز جهانی صلح,2021,3,9,September,39,21,Tuesday
100552,1400/06/31,2021-09-22,1400,2,تابستان,6,شهریور,27,31,چهارشنبه,0,آغاز هفته دفاع مقدس,2021,3,9,September,39,22,Wednesday
100553,1400/07/01,2021-09-23,1400,3,پاییز,7,مهر,27,1,پنج‌شنبه,0,آغاز حمله مغول به ایران در پاییز 598 خورشیدی,2021,3,9,September,39,23,Thursday
100554,1400/07/02,2021-09-24,1400,3,پاییز,7,مهر,27,2,جمعه,1,,2021,3,9,September,39,24,Friday
100555,1400/07/03,2021-09-25,1400,3,پاییز,7,مهر,28,3,شنبه,0,,2021,3,9,September,39,25,Saturday
100556,1400/07/04,2021-09-26,1400,3,پاییز,7,مهر,28,4,یک‌شنبه,0,,2021,3,9,September,40,26,Sunday
100557,1400/07/05,2021-09-27,1400,3,پاییز,7,مهر,28,5,دوشنبه,1,اربعین حسینی - روز جهانی جهانگردی,2021,3,9,September,40,27,Monday
100558,1400/07/06,2021-09-28,1400,3,پاییز,7,مهر,28,6,سه‌شنبه,0,,2021,3,9,September,40,28,Tuesday
100559,1400/07/07,2021-09-29,1400,3,پاییز,7,مهر,28,7,چهارشنبه,0,روز آتش نشانی و ایمنی - سقوط هواپیمای حامل جمعی از فرماندهان جنگ (کلاهدوز، نامجو، فلاحی، فکوری، جهان آرا) در سال 1360,2021,3,9,September,40,29,Wednesday
100560,1400/07/08,2021-09-30,1400,3,پاییز,7,مهر,28,8,پنج‌شنبه,0,روزبزرگداشت مولوی - روز جهانی ناشنوایان - روز جهانی ترجمه و مترجم,2021,3,9,September,40,30,Thursday
100561,1400/07/09,2021-10-01,1400,3,پاییز,7,مهر,28,9,جمعه,1,روز جهانی سالمندان,2021,4,10,October,40,1,Friday
100562,1400/07/10,2021-10-02,1400,3,پاییز,7,مهر,29,10,شنبه,0, مهر روز،جشن مهرگان,2021,4,10,October,40,2,Saturday
100563,1400/07/11,2021-10-03,1400,3,پاییز,7,مهر,29,11,یک‌شنبه,0,,2021,4,10,October,41,3,Sunday
100564,1400/07/12,2021-10-04,1400,3,پاییز,7,مهر,29,12,دوشنبه,0,,2021,4,10,October,41,4,Monday
100565,1400/07/13,2021-10-05,1400,3,پاییز,7,مهر,29,13,سه‌شنبه,1,رحلت رسول اکرم؛ شهادت امام حسن مجتبی علیه السلام - روز نیروی انتظامی - روز جهانی معلم,2021,4,10,October,41,5,Tuesday
100566,1400/07/14,2021-10-06,1400,3,پاییز,7,مهر,29,14,چهارشنبه,0,روز دامپزشکی,2021,4,10,October,41,6,Wednesday
100567,1400/07/15,2021-10-07,1400,3,پاییز,7,مهر,29,15,پنج‌شنبه,1,شهادت امام رضا علیه السلام,2021,4,10,October,41,7,Thursday
100568,1400/07/16,2021-10-08,1400,3,پاییز,7,مهر,29,16,جمعه,1,روز ملی کودک - هجرت پیامبر اکرم از مکه به مدینه,2021,4,10,October,41,8,Friday
100569,1400/07/17,2021-10-09,1400,3,پاییز,7,مهر,30,17,شنبه,0,روز جهانی پست,2021,4,10,October,41,9,Saturday
100570,1400/07/18,2021-10-10,1400,3,پاییز,7,مهر,30,18,یک‌شنبه,0,روز جهانی مبارزه با حکم اعدام,2021,4,10,October,42,10,Sunday
100571,1400/07/19,2021-10-11,1400,3,پاییز,7,مهر,30,19,دوشنبه,0,روز جهانی دختر,2021,4,10,October,42,11,Monday
100572,1400/07/20,2021-10-12,1400,3,پاییز,7,مهر,30,20,سه‌شنبه,0,روز بزرگداشت حافظ,2021,4,10,October,42,12,Tuesday
100573,1400/07/21,2021-10-13,1400,3,پاییز,7,مهر,30,21,چهارشنبه,0,جشن پیروزی کاوه و فریدون,2021,4,10,October,42,13,Wednesday
100574,1400/07/22,2021-10-14,1400,3,پاییز,7,مهر,30,22,پنج‌شنبه,0,روز جهانی استاندارد,2021,4,10,October,42,14,Thursday
100575,1400/07/23,2021-10-15,1400,3,پاییز,7,مهر,30,23,جمعه,1,شهادت امام حسن عسکری علیه السلام - روز جهانی عصای سفید,2021,4,10,October,42,15,Friday
100576,1400/07/24,2021-10-16,1400,3,پاییز,7,مهر,31,24,شنبه,0,روز جهانی غذا,2021,4,10,October,42,16,Saturday
100577,1400/07/25,2021-10-17,1400,3,پاییز,7,مهر,31,25,یک‌شنبه,0,روز جهانی ریشه کنی فقر,2021,4,10,October,43,17,Sunday
100578,1400/07/26,2021-10-18,1400,3,پاییز,7,مهر,31,26,دوشنبه,0,روز تربیت بدنی و ورزش,2021,4,10,October,43,18,Monday
100579,1400/07/27,2021-10-19,1400,3,پاییز,7,مهر,31,27,سه‌شنبه,0,میلاد رسول اکرم به روایت اهل سنت,2021,4,10,October,43,19,Tuesday
100580,1400/07/28,2021-10-20,1400,3,پاییز,7,مهر,31,28,چهارشنبه,0,,2021,4,10,October,43,20,Wednesday
100581,1400/07/29,2021-10-21,1400,3,پاییز,7,مهر,31,29,پنج‌شنبه,0,روز ملی کوهنورد,2021,4,10,October,43,21,Thursday
100582,1400/07/30,2021-10-22,1400,3,پاییز,7,مهر,31,30,جمعه,1,,2021,4,10,October,43,22,Friday
100583,1400/08/01,2021-10-23,1400,3,پاییز,8,آبان,32,1,شنبه,0,روز آمار و برنامه ریزی,2021,4,10,October,43,23,Saturday
100584,1400/08/02,2021-10-24,1400,3,پاییز,8,آبان,32,2,یک‌شنبه,1,میلاد رسول اکرم و امام جعفر صادق علیه السلام,2021,4,10,October,44,24,Sunday
100585,1400/08/03,2021-10-25,1400,3,پاییز,8,آبان,32,3,دوشنبه,0,,2021,4,10,October,44,25,Monday
100586,1400/08/04,2021-10-26,1400,3,پاییز,8,آبان,32,4,سه‌شنبه,0,,2021,4,10,October,44,26,Tuesday
100587,1400/08/05,2021-10-27,1400,3,پاییز,8,آبان,32,5,چهارشنبه,0,,2021,4,10,October,44,27,Wednesday
100588,1400/08/06,2021-10-28,1400,3,پاییز,8,آبان,32,6,پنج‌شنبه,0,,2021,4,10,October,44,28,Thursday
100589,1400/08/07,2021-10-29,1400,3,پاییز,8,آبان,32,7,جمعه,1,سالروز ورود کوروش بزرگ به بابل در سال 539 پیش از میلاد,2021,4,10,October,44,29,Friday
100590,1400/08/08,2021-10-30,1400,3,پاییز,8,آبان,33,8,شنبه,0,روز نوجوان,2021,4,10,October,44,30,Saturday
100591,1400/08/09,2021-10-31,1400,3,پاییز,8,آبان,33,9,یک‌شنبه,0,,2021,4,10,October,45,31,Sunday
100592,1400/08/10,2021-11-01,1400,3,پاییز,8,آبان,33,10,دوشنبه,0,آبان روز، جشن آبانگان,2021,4,11,November,45,1,Monday
100593,1400/08/11,2021-11-02,1400,3,پاییز,8,آبان,33,11,سه‌شنبه,0,,2021,4,11,November,45,2,Tuesday
100594,1400/08/12,2021-11-03,1400,3,پاییز,8,آبان,33,12,چهارشنبه,0,,2021,4,11,November,45,3,Wednesday
100595,1400/08/13,2021-11-04,1400,3,پاییز,8,آبان,33,13,پنج‌شنبه,0,روز دانش آموز,2021,4,11,November,45,4,Thursday
100596,1400/08/14,2021-11-05,1400,3,پاییز,8,آبان,33,14,جمعه,1,روز فرهنگ عمومی,2021,4,11,November,45,5,Friday
100597,1400/08/15,2021-11-06,1400,3,پاییز,8,آبان,34,15,شنبه,0,جشن میانه پاییز,2021,4,11,November,45,6,Saturday
100598,1400/08/16,2021-11-07,1400,3,پاییز,8,آبان,34,16,یک‌شنبه,0,,2021,4,11,November,46,7,Sunday
100599,1400/08/17,2021-11-08,1400,3,پاییز,8,آبان,34,17,دوشنبه,0,,2021,4,11,November,46,8,Monday
100600,1400/08/18,2021-11-09,1400,3,پاییز,8,آبان,34,18,سه‌شنبه,0,روز ملی کیفیت,2021,4,11,November,46,9,Tuesday
100601,1400/08/19,2021-11-10,1400,3,پاییز,8,آبان,34,19,چهارشنبه,0,,2021,4,11,November,46,10,Wednesday
100602,1400/08/20,2021-11-11,1400,3,پاییز,8,آبان,34,20,پنج‌شنبه,0,,2021,4,11,November,46,11,Thursday
100603,1400/08/21,2021-11-12,1400,3,پاییز,8,آبان,34,21,جمعه,1,,2021,4,11,November,46,12,Friday
100604,1400/08/22,2021-11-13,1400,3,پاییز,8,آبان,35,22,شنبه,0,,2021,4,11,November,46,13,Saturday
100605,1400/08/23,2021-11-14,1400,3,پاییز,8,آبان,35,23,یک‌شنبه,0,ولادت امام حسن عسکری علیه السلام - روز جهانی دیابت,2021,4,11,November,47,14,Sunday
100606,1400/08/24,2021-11-15,1400,3,پاییز,8,آبان,35,24,دوشنبه,0,روز کتاب و کتابخوانی,2021,4,11,November,47,15,Monday
100607,1400/08/25,2021-11-16,1400,3,پاییز,8,آبان,35,25,سه‌شنبه,0, وفات حضرت معصومه سلام الله علیها,2021,4,11,November,47,16,Tuesday
100608,1400/08/26,2021-11-17,1400,3,پاییز,8,آبان,35,26,چهارشنبه,0,,2021,4,11,November,47,17,Wednesday
100609,1400/08/27,2021-11-18,1400,3,پاییز,8,آبان,35,27,پنج‌شنبه,0,روز جهانی فلسفه,2021,4,11,November,47,18,Thursday
100610,1400/08/28,2021-11-19,1400,3,پاییز,8,آبان,35,28,جمعه,1,روز جهانی آقایان,2021,4,11,November,47,19,Friday
100611,1400/08/29,2021-11-20,1400,3,پاییز,8,آبان,36,29,شنبه,0,روز جهانی کودک,2021,4,11,November,47,20,Saturday
100612,1400/08/30,2021-11-21,1400,3,پاییز,8,آبان,36,30,یک‌شنبه,0,,2021,4,11,November,48,21,Sunday
100613,1400/09/01,2021-11-22,1400,3,پاییز,9,آذر,36,1,دوشنبه,0,آذر جشن,2021,4,11,November,48,22,Monday
100614,1400/09/02,2021-11-23,1400,3,پاییز,9,آذر,36,2,سه‌شنبه,0,,2021,4,11,November,48,23,Tuesday
100615,1400/09/03,2021-11-24,1400,3,پاییز,9,آذر,36,3,چهارشنبه,0,,2021,4,11,November,48,24,Wednesday
100616,1400/09/04,2021-11-25,1400,3,پاییز,9,آذر,36,4,پنج‌شنبه,0,روز جهانی مبارزه با خشونت علیه زنان,2021,4,11,November,48,25,Thursday
100617,1400/09/05,2021-11-26,1400,3,پاییز,9,آذر,36,5,جمعه,1,روز بسیج مستضعفان ,2021,4,11,November,48,26,Friday
100618,1400/09/06,2021-11-27,1400,3,پاییز,9,آذر,37,6,شنبه,0,,2021,4,11,November,48,27,Saturday
100619,1400/09/07,2021-11-28,1400,3,پاییز,9,آذر,37,7,یک‌شنبه,0,روز نیروی دریایی,2021,4,11,November,49,28,Sunday
100620,1400/09/08,2021-11-29,1400,3,پاییز,9,آذر,37,8,دوشنبه,0,,2021,4,11,November,49,29,Monday
100621,1400/09/09,2021-11-30,1400,3,پاییز,9,آذر,37,9,سه‌شنبه,0,جشن آذرگان ،آذر روز,2021,4,11,November,49,30,Tuesday
100622,1400/09/10,2021-12-01,1400,3,پاییز,9,آذر,37,10,چهارشنبه,0,روز مجلس - روز جهانی ایدز,2021,4,12,December,49,1,Wednesday
100623,1400/09/11,2021-12-02,1400,3,پاییز,9,آذر,37,11,پنج‌شنبه,0,,2021,4,12,December,49,2,Thursday
100624,1400/09/12,2021-12-03,1400,3,پاییز,9,آذر,37,12,جمعه,1,روز جهانی معلولان,2021,4,12,December,49,3,Friday
100625,1400/09/13,2021-12-04,1400,3,پاییز,9,آذر,38,13,شنبه,0,روز بیمه,2021,4,12,December,49,4,Saturday
100626,1400/09/14,2021-12-05,1400,3,پاییز,9,آذر,38,14,یک‌شنبه,0,,2021,4,12,December,50,5,Sunday
100627,1400/09/15,2021-12-06,1400,3,پاییز,9,آذر,38,15,دوشنبه,0,روز حسابدار,2021,4,12,December,50,6,Monday
100628,1400/09/16,2021-12-07,1400,3,پاییز,9,آذر,38,16,سه‌شنبه,0,روز دانشجو,2021,4,12,December,50,7,Tuesday
100629,1400/09/17,2021-12-08,1400,3,پاییز,9,آذر,38,17,چهارشنبه,0,,2021,4,12,December,50,8,Wednesday
100630,1400/09/18,2021-12-09,1400,3,پاییز,9,آذر,38,18,پنج‌شنبه,0,,2021,4,12,December,50,9,Thursday
100631,1400/09/19,2021-12-10,1400,3,پاییز,9,آذر,38,19,جمعه,1,ولادت حضرت زینب سلام الله علیها و روز پرستار و بهورز,2021,4,12,December,50,10,Friday
100632,1400/09/20,2021-12-11,1400,3,پاییز,9,آذر,39,20,شنبه,0,روز جهانی کوه‌نوردی,2021,4,12,December,50,11,Saturday
100633,1400/09/21,2021-12-12,1400,3,پاییز,9,آذر,39,21,یک‌شنبه,0,,2021,4,12,December,51,12,Sunday
100634,1400/09/22,2021-12-13,1400,3,پاییز,9,آذر,39,22,دوشنبه,0,,2021,4,12,December,51,13,Monday
100635,1400/09/23,2021-12-14,1400,3,پاییز,9,آذر,39,23,سه‌شنبه,0,,2021,4,12,December,51,14,Tuesday
100636,1400/09/24,2021-12-15,1400,3,پاییز,9,آذر,39,24,چهارشنبه,0,,2021,4,12,December,51,15,Wednesday
100637,1400/09/25,2021-12-16,1400,3,پاییز,9,آذر,39,25,پنج‌شنبه,0,روز پژوهش,2021,4,12,December,51,16,Thursday
100638,1400/09/26,2021-12-17,1400,3,پاییز,9,آذر,39,26,جمعه,1,روز حمل و نقل,2021,4,12,December,51,17,Friday
100639,1400/09/27,2021-12-18,1400,3,پاییز,9,آذر,40,27,شنبه,0,,2021,4,12,December,51,18,Saturday
100640,1400/09/28,2021-12-19,1400,3,پاییز,9,آذر,40,28,یک‌شنبه,0,,2021,4,12,December,52,19,Sunday
100641,1400/09/29,2021-12-20,1400,3,پاییز,9,آذر,40,29,دوشنبه,0,,2021,4,12,December,52,20,Monday
100642,1400/09/30,2021-12-21,1400,3,پاییز,9,آذر,40,30,سه‌شنبه,0,جشن شب یلدا,2021,4,12,December,52,21,Tuesday
100643,1400/10/01,2021-12-22,1400,4,زمستان,10,دی,40,1,چهارشنبه,0, روز میلاد خورشید؛ جشن خرم روز، نخستین جشن دیگان,2021,4,12,December,52,22,Wednesday
100644,1400/10/02,2021-12-23,1400,4,زمستان,10,دی,40,2,پنج‌شنبه,0,,2021,4,12,December,52,23,Thursday
100645,1400/10/03,2021-12-24,1400,4,زمستان,10,دی,40,3,جمعه,1,,2021,4,12,December,52,24,Friday
100646,1400/10/04,2021-12-25,1400,4,زمستان,10,دی,41,4,شنبه,0,جشن کریسمس,2021,4,12,December,52,25,Saturday
100647,1400/10/05,2021-12-26,1400,4,زمستان,10,دی,41,5,یک‌شنبه,0,سالروز زمین لرزه ی بم در سال 1382,2021,4,12,December,53,26,Sunday
100648,1400/10/06,2021-12-27,1400,4,زمستان,10,دی,41,6,دوشنبه,0,,2021,4,12,December,53,27,Monday
100649,1400/10/07,2021-12-28,1400,4,زمستان,10,دی,41,7,سه‌شنبه,0,,2021,4,12,December,53,28,Tuesday
100650,1400/10/08,2021-12-29,1400,4,زمستان,10,دی,41,8,چهارشنبه,0,,2021,4,12,December,53,29,Wednesday
100651,1400/10/09,2021-12-30,1400,4,زمستان,10,دی,41,9,پنج‌شنبه,0,,2021,4,12,December,53,30,Thursday
100652,1400/10/10,2021-12-31,1400,4,زمستان,10,دی,41,10,جمعه,1,,2021,4,12,December,53,31,Friday
100653,1400/10/11,2022-01-01,1400,4,زمستان,10,دی,42,11,شنبه,0,جشن آغاز سال نو میلادی,2022,1,1,January,1,1,Saturday
100654,1400/10/12,2022-01-02,1400,4,زمستان,10,دی,42,12,یک‌شنبه,0,,2022,1,1,January,2,2,Sunday
100655,1400/10/13,2022-01-03,1400,4,زمستان,10,دی,42,13,دوشنبه,0,شهادت سردار حاج قاسم سلیمانی,2022,1,1,January,2,3,Monday
100656,1400/10/14,2022-01-04,1400,4,زمستان,10,دی,42,14,سه‌شنبه,0,,2022,1,1,January,2,4,Tuesday
100657,1400/10/15,2022-01-05,1400,4,زمستان,10,دی,42,15,چهارشنبه,0,,2022,1,1,January,2,5,Wednesday
100658,1400/10/16,2022-01-06,1400,4,زمستان,10,دی,42,16,پنج‌شنبه,1,شهادت حضرت فاطمه زهرا سلام الله علیها - غرق شدن کشتی سانچی,2022,1,1,January,2,6,Thursday
100659,1400/10/17,2022-01-07,1400,4,زمستان,10,دی,42,17,جمعه,1,,2022,1,1,January,2,7,Friday
100660,1400/10/18,2022-01-08,1400,4,زمستان,10,دی,43,18,شنبه,0,حادثه پرواز 752 هواپیمایی اوکراین,2022,1,1,January,2,8,Saturday
100661,1400/10/19,2022-01-09,1400,4,زمستان,10,دی,43,19,یک‌شنبه,0,درگذشت اکبر هاشمی رفسنجانی,2022,1,1,January,3,9,Sunday
100662,1400/10/20,2022-01-10,1400,4,زمستان,10,دی,43,20,دوشنبه,0,سالروز قتل امیرکبیر به دستور ناصرالدین شاه قاجار,2022,1,1,January,3,10,Monday
100663,1400/10/21,2022-01-11,1400,4,زمستان,10,دی,43,21,سه‌شنبه,0,,2022,1,1,January,3,11,Tuesday
100664,1400/10/22,2022-01-12,1400,4,زمستان,10,دی,43,22,چهارشنبه,0,,2022,1,1,January,3,12,Wednesday
100665,1400/10/23,2022-01-13,1400,4,زمستان,10,دی,43,23,پنج‌شنبه,0,,2022,1,1,January,3,13,Thursday
100666,1400/10/24,2022-01-14,1400,4,زمستان,10,دی,43,24,جمعه,1,,2022,1,1,January,3,14,Friday
100667,1400/10/25,2022-01-15,1400,4,زمستان,10,دی,44,25,شنبه,0,,2022,1,1,January,3,15,Saturday
100668,1400/10/26,2022-01-16,1400,4,زمستان,10,دی,44,26,یک‌شنبه,0,,2022,1,1,January,4,16,Sunday
100669,1400/10/27,2022-01-17,1400,4,زمستان,10,دی,44,27,دوشنبه,0,,2022,1,1,January,4,17,Monday
100670,1400/10/28,2022-01-18,1400,4,زمستان,10,دی,44,28,سه‌شنبه,0,,2022,1,1,January,4,18,Tuesday
100671,1400/10/29,2022-01-19,1400,4,زمستان,10,دی,44,29,چهارشنبه,0,,2022,1,1,January,4,19,Wednesday
100672,1400/10/30,2022-01-20,1400,4,زمستان,10,دی,44,30,پنج‌شنبه,0,آتش‌سوزی و فروریختن ساختمان پلاسکو,2022,1,1,January,4,20,Thursday
100673,1400/11/01,2022-01-21,1400,4,زمستان,11,بهمن,44,1,جمعه,1,زادروز فردوسی,2022,1,1,January,4,21,Friday
100674,1400/11/02,2022-01-22,1400,4,زمستان,11,بهمن,45,2,شنبه,0,بهمن روز، جشن بهمنگان,2022,1,1,January,4,22,Saturday
100675,1400/11/03,2022-01-23,1400,4,زمستان,11,بهمن,45,3,یک‌شنبه,0,ولادت حضرت فاطمه زهرا سلام الله علیها و روز مادر,2022,1,1,January,5,23,Sunday
100676,1400/11/04,2022-01-24,1400,4,زمستان,11,بهمن,45,4,دوشنبه,0,,2022,1,1,January,5,24,Monday
100677,1400/11/05,2022-01-25,1400,4,زمستان,11,بهمن,45,5,سه‌شنبه,0,جشن نوسره,2022,1,1,January,5,25,Tuesday
100678,1400/11/06,2022-01-26,1400,4,زمستان,11,بهمن,45,6,چهارشنبه,0,,2022,1,1,January,5,26,Wednesday
100679,1400/11/07,2022-01-27,1400,4,زمستان,11,بهمن,45,7,پنج‌شنبه,0,,2022,1,1,January,5,27,Thursday
100680,1400/11/08,2022-01-28,1400,4,زمستان,11,بهمن,45,8,جمعه,1,,2022,1,1,January,5,28,Friday
100681,1400/11/09,2022-01-29,1400,4,زمستان,11,بهمن,46,9,شنبه,0,,2022,1,1,January,5,29,Saturday
100682,1400/11/10,2022-01-30,1400,4,زمستان,11,بهمن,46,10,یک‌شنبه,0,جشن سده,2022,1,1,January,6,30,Sunday
100683,1400/11/11,2022-01-31,1400,4,زمستان,11,بهمن,46,11,دوشنبه,0,,2022,1,1,January,6,31,Monday
100684,1400/11/12,2022-02-01,1400,4,زمستان,11,بهمن,46,12,سه‌شنبه,0,بازگشت امام خمینی (ره) به ایران,2022,1,2,February,6,1,Tuesday
100685,1400/11/13,2022-02-02,1400,4,زمستان,11,بهمن,46,13,چهارشنبه,0,,2022,1,2,February,6,2,Wednesday
100686,1400/11/14,2022-02-03,1400,4,زمستان,11,بهمن,46,14,پنج‌شنبه,0, ولادت امام محمد باقر علیه السلام,2022,1,2,February,6,3,Thursday
100687,1400/11/15,2022-02-04,1400,4,زمستان,11,بهمن,46,15,جمعه,1,جشن میانه زمستان,2022,1,2,February,6,4,Friday
100688,1400/11/16,2022-02-05,1400,4,زمستان,11,بهمن,47,16,شنبه,0,شهادت امام علی النقی الهادی علیه السلام,2022,1,2,February,6,5,Saturday
100689,1400/11/17,2022-02-06,1400,4,زمستان,11,بهمن,47,17,یک‌شنبه,0,,2022,1,2,February,7,6,Sunday
100690,1400/11/18,2022-02-07,1400,4,زمستان,11,بهمن,47,18,دوشنبه,0,,2022,1,2,February,7,7,Monday
100691,1400/11/19,2022-02-08,1400,4,زمستان,11,بهمن,47,19,سه‌شنبه,0,روز نیروی هوایی,2022,1,2,February,7,8,Tuesday
100692,1400/11/20,2022-02-09,1400,4,زمستان,11,بهمن,47,20,چهارشنبه,0,,2022,1,2,February,7,9,Wednesday
100693,1400/11/21,2022-02-10,1400,4,زمستان,11,بهمن,47,21,پنج‌شنبه,0,,2022,1,2,February,7,10,Thursday
100694,1400/11/22,2022-02-11,1400,4,زمستان,11,بهمن,47,22,جمعه,1,پیروزی انقلاب اسلامی,2022,1,2,February,7,11,Friday
100695,1400/11/23,2022-02-12,1400,4,زمستان,11,بهمن,48,23,شنبه,0,ولادت امام محمد تقی علیه السلام,2022,1,2,February,7,12,Saturday
100696,1400/11/24,2022-02-13,1400,4,زمستان,11,بهمن,48,24,یک‌شنبه,0,,2022,1,2,February,8,13,Sunday
100697,1400/11/25,2022-02-14,1400,4,زمستان,11,بهمن,48,25,دوشنبه,0,روز ولنتاین,2022,1,2,February,8,14,Monday
100698,1400/11/26,2022-02-15,1400,4,زمستان,11,بهمن,48,26,سه‌شنبه,1, ولادت امام علی علیه السلام و روز پدر ,2022,1,2,February,8,15,Tuesday
100699,1400/11/27,2022-02-16,1400,4,زمستان,11,بهمن,48,27,چهارشنبه,0,,2022,1,2,February,8,16,Wednesday
100700,1400/11/28,2022-02-17,1400,4,زمستان,11,بهمن,48,28,پنج‌شنبه,0, وفات حضرت زینب سلام الله علیها,2022,1,2,February,8,17,Thursday
100701,1400/11/29,2022-02-18,1400,4,زمستان,11,بهمن,48,29,جمعه,1,جشن سپندارمذگان و روز عشق,2022,1,2,February,8,18,Friday
100702,1400/11/30,2022-02-19,1400,4,زمستان,11,بهمن,49,30,شنبه,0,,2022,1,2,February,8,19,Saturday
100703,1400/12/01,2022-02-20,1400,4,زمستان,12,اسفند,49,1,یک‌شنبه,0,,2022,1,2,February,9,20,Sunday
100704,1400/12/02,2022-02-21,1400,4,زمستان,12,اسفند,49,2,دوشنبه,0,روز جهانی زبان مادری,2022,1,2,February,9,21,Monday
100705,1400/12/03,2022-02-22,1400,4,زمستان,12,اسفند,49,3,سه‌شنبه,0,,2022,1,2,February,9,22,Tuesday
100706,1400/12/04,2022-02-23,1400,4,زمستان,12,اسفند,49,4,چهارشنبه,0,,2022,1,2,February,9,23,Wednesday
100707,1400/12/05,2022-02-24,1400,4,زمستان,12,اسفند,49,5,پنج‌شنبه,0,روز بزرگداشت زمین و بانوان - روز بزرگداشت خواجه نصیر الدین طوسی و روز مهندس,2022,1,2,February,9,24,Thursday
100708,1400/12/06,2022-02-25,1400,4,زمستان,12,اسفند,49,6,جمعه,1,,2022,1,2,February,9,25,Friday
100709,1400/12/07,2022-02-26,1400,4,زمستان,12,اسفند,50,7,شنبه,0,سالروز استقلال کانون وکلای دادگستری و روز وکیل مدافع - سالروز درگذشت علی اکبر دهخدا,2022,1,2,February,9,26,Saturday
100710,1400/12/08,2022-02-27,1400,4,زمستان,12,اسفند,50,8,یک‌شنبه,0,شهادت امام موسی کاظم علیه السلام,2022,1,2,February,10,27,Sunday
100711,1400/12/09,2022-02-28,1400,4,زمستان,12,اسفند,50,9,دوشنبه,0,,2022,1,2,February,10,28,Monday
100712,1400/12/10,2022-03-01,1400,4,زمستان,12,اسفند,50,10,سه‌شنبه,1,مبعث رسول اکرم,2022,1,3,March,10,1,Tuesday
100713,1400/12/11,2022-03-02,1400,4,زمستان,12,اسفند,50,11,چهارشنبه,0,,2022,1,3,March,10,2,Wednesday
100714,1400/12/12,2022-03-03,1400,4,زمستان,12,اسفند,50,12,پنج‌شنبه,0,,2022,1,3,March,10,3,Thursday
100715,1400/12/13,2022-03-04,1400,4,زمستان,12,اسفند,50,13,جمعه,1,,2022,1,3,March,10,4,Friday
100716,1400/12/14,2022-03-05,1400,4,زمستان,12,اسفند,51,14,شنبه,0,,2022,1,3,March,10,5,Saturday
100717,1400/12/15,2022-03-06,1400,4,زمستان,12,اسفند,51,15,یک‌شنبه,0,روز درختکاری - ولادت سالار شهیدان، امام حسین علیه السلام و روز پاسدار,2022,1,3,March,11,6,Sunday
100718,1400/12/16,2022-03-07,1400,4,زمستان,12,اسفند,51,16,دوشنبه,0, ولادت ابوالفضل العباس علیه السلام و روز جانباز,2022,1,3,March,11,7,Monday
100719,1400/12/17,2022-03-08,1400,4,زمستان,12,اسفند,51,17,سه‌شنبه,0,ولادت امام زین العابدین علیه السلام - روزجهانی زنان,2022,1,3,March,11,8,Tuesday
100720,1400/12/18,2022-03-09,1400,4,زمستان,12,اسفند,51,18,چهارشنبه,0,,2022,1,3,March,11,9,Wednesday
100721,1400/12/19,2022-03-10,1400,4,زمستان,12,اسفند,51,19,پنج‌شنبه,0,,2022,1,3,March,11,10,Thursday
100722,1400/12/20,2022-03-11,1400,4,زمستان,12,اسفند,51,20,جمعه,1,,2022,1,3,March,11,11,Friday
100723,1400/12/21,2022-03-12,1400,4,زمستان,12,اسفند,52,21,شنبه,0,,2022,1,3,March,11,12,Saturday
100724,1400/12/22,2022-03-13,1400,4,زمستان,12,اسفند,52,22,یک‌شنبه,0,,2022,1,3,March,12,13,Sunday
100725,1400/12/23,2022-03-14,1400,4,زمستان,12,اسفند,52,23,دوشنبه,0,ولادت علی اکبر علیه السلام و روز جوان,2022,1,3,March,12,14,Monday
100726,1400/12/24,2022-03-15,1400,4,زمستان,12,اسفند,52,24,سه‌شنبه,0,,2022,1,3,March,12,15,Tuesday
100727,1400/12/25,2022-03-16,1400,4,زمستان,12,اسفند,52,25,چهارشنبه,0,پایان سرایش شاهنامه,2022,1,3,March,12,16,Wednesday
100728,1400/12/26,2022-03-17,1400,4,زمستان,12,اسفند,52,26,پنج‌شنبه,0,,2022,1,3,March,12,17,Thursday
100729,1400/12/27,2022-03-18,1400,4,زمستان,12,اسفند,52,27,جمعه,1,ولادت حضرت قائم عجل الله تعالی فرجه و جشن نیمه شعبان,2022,1,3,March,12,18,Friday
100730,1400/12/28,2022-03-19,1400,4,زمستان,12,اسفند,53,28,شنبه,0,,2022,1,3,March,12,19,Saturday
100731,1400/12/29,2022-03-20,1400,4,زمستان,12,اسفند,53,29,یک‌شنبه,1,روز ملی شدن صنعت نفت ایران -  روز جهانی شادی,2022,1,3,March,13,20,Sunday
